2026/09/21 20:01:42.672, 65.14 W, 600.00 W, 2542 MHz, 47, 29998 MiB
2026/09/21 20:01:43.679, 65.11 W, 600.00 W, 2542 MHz, 47, 29998 MiB
2026/09/21 20:01:44.680, 65.21 W, 600.00 W, 2542 MHz, 47, 29998 MiB
2026/09/21 20:01:45.680, 65.45 W, 600.00 W, 2542 MHz, 47, 29998 MiB
2026/09/21 20:01:46.681, 65.47 W, 600.00 W, 2542 MHz, 47, 29998 MiB
2026/09/21 20:01:47.681, 65.70 W, 600.00 W, 2542 MHz, 47, 29998 MiB
2026/09/21 20:01:48.682, 65.88 W, 600.00 W, 2542 MHz, 47, 29998 MiB
2026/09/21 20:01:49.682, 65.63 W, 600.00 W, 2542 MHz, 47, 29998 MiB
2026/09/21 20:01:50.683, 65.32 W, 600.00 W, 2542 MHz, 47, 29998 MiB
2026/09/21 20:01:51.683, 64.94 W, 600.00 W, 2542 MHz, 47, 29998 MiB
2026/09/21 20:01:52.684, 65.16 W, 600.00 W, 2542 MHz, 47, 29998 MiB
2026/09/21 20:01:53.684, 65.50 W, 600.00 W, 2542 MHz, 46, 29998 MiB
2026/09/21 20:01:54.685, 53.85 W, 600.00 W, 510 MHz, 46, 29998 MiB
2026/09/21 20:01:55.688, 33.47 W, 600.00 W, 420 MHz, 46, 29998 MiB
2026/09/21 20:01:56.689, 27.02 W, 600.00 W, 255 MHz, 46, 29998 MiB
2026/09/21 20:01:57.690, 23.43 W, 600.00 W, 195 MHz, 45, 29998 MiB
2026/09/21 20:01:58.691, 65.85 W, 600.00 W, 195 MHz, 53, 30220 MiB
2026/09/21 20:01:59.692, 291.24 W, 600.00 W, 2895 MHz, 52, 30220 MiB
2026/09/21 20:02:00.693, 352.24 W, 600.00 W, 2895 MHz, 53, 30220 MiB
2026/09/21 20:02:01.693, 352.37 W, 600.00 W, 2887 MHz, 53, 30220 MiB
2026/09/21 20:02:02.694, 353.58 W, 600.00 W, 2887 MHz, 53, 30220 MiB
2026/09/21 20:02:03.695, 371.74 W, 600.00 W, 2887 MHz, 54, 30220 MiB
2026/09/21 20:02:04.696, 353.65 W, 600.00 W, 2887 MHz, 54, 30220 MiB
2026/09/21 20:02:05.697, 353.91 W, 600.00 W, 2887 MHz, 54, 30220 MiB
2026/09/21 20:02:06.698, 354.34 W, 600.00 W, 2887 MHz, 54, 30220 MiB
2026/09/21 20:02:07.699, 155.67 W, 600.00 W, 2902 MHz, 49, 30220 MiB
2026/09/21 20:02:08.700, 88.75 W, 600.00 W, 2902 MHz, 49, 30220 MiB
2026/09/21 20:02:09.700, 70.74 W, 600.00 W, 2542 MHz, 48, 30220 MiB
2026/09/21 20:02:10.700, 66.45 W, 600.00 W, 2542 MHz, 48, 30220 MiB
2026/09/21 20:02:11.701, 66.46 W, 600.00 W, 2542 MHz, 48, 30220 MiB
2026/09/21 20:02:12.702, 66.02 W, 600.00 W, 2542 MHz, 48, 30220 MiB
2026/09/21 20:02:13.702, 65.49 W, 600.00 W, 2542 MHz, 48, 30220 MiB
2026/09/21 20:02:14.703, 65.56 W, 600.00 W, 2542 MHz, 48, 30220 MiB
2026/09/21 20:02:15.703, 66.14 W, 600.00 W, 2542 MHz, 48, 30220 MiB
2026/09/21 20:02:16.704, 66.17 W, 600.00 W, 2542 MHz, 48, 30220 MiB
2026/09/21 20:02:17.704, 65.92 W, 600.00 W, 2542 MHz, 48, 30220 MiB
2026/09/21 20:02:18.705, 65.56 W, 600.00 W, 2542 MHz, 48, 30220 MiB
2026/09/21 20:02:19.705, 65.74 W, 600.00 W, 2542 MHz, 48, 30220 MiB
2026/09/21 20:02:20.706, 65.80 W, 600.00 W, 2542 MHz, 48, 30220 MiB
2026/09/21 20:02:21.706, 65.84 W, 600.00 W, 2542 MHz, 48, 30220 MiB
2026/09/21 20:02:22.707, 65.81 W, 600.00 W, 2542 MHz, 48, 30220 MiB
2026/09/21 20:02:23.707, 147.54 W, 600.00 W, 952 MHz, 54, 30220 MiB
2026/09/21 20:02:24.708, 353.47 W, 600.00 W, 2887 MHz, 54, 30220 MiB
2026/09/21 20:02:25.709, 352.96 W, 600.00 W, 2887 MHz, 54, 30220 MiB
2026/09/21 20:02:26.710, 354.74 W, 600.00 W, 2887 MHz, 54, 30220 MiB
2026/09/21 20:02:27.711, 354.75 W, 600.00 W, 2887 MHz, 55, 30220 MiB
2026/09/21 20:02:28.712, 370.87 W, 600.00 W, 2865 MHz, 56, 30220 MiB
2026/09/21 20:02:29.713, 355.27 W, 600.00 W, 2887 MHz, 55, 30220 MiB
2026/09/21 20:02:30.714, 355.73 W, 600.00 W, 2887 MHz, 55, 30220 MiB
2026/09/21 20:02:31.715, 356.21 W, 600.00 W, 2887 MHz, 56, 30220 MiB
2026/09/21 20:02:32.716, 356.79 W, 600.00 W, 2887 MHz, 56, 30220 MiB
2026/09/21 20:02:33.717, 357.33 W, 600.00 W, 2887 MHz, 56, 30220 MiB
2026/09/21 20:02:34.718, 358.16 W, 600.00 W, 2887 MHz, 56, 30220 MiB
2026/09/21 20:02:35.719, 247.07 W, 600.00 W, 2895 MHz, 51, 30220 MiB
2026/09/21 20:02:36.719, 91.65 W, 600.00 W, 2902 MHz, 51, 30220 MiB
2026/09/21 20:02:37.720, 75.50 W, 600.00 W, 2542 MHz, 50, 30220 MiB
2026/09/21 20:02:38.720, 75.42 W, 600.00 W, 2617 MHz, 50, 30220 MiB
2026/09/21 20:02:39.721, 68.21 W, 600.00 W, 2542 MHz, 50, 30220 MiB
2026/09/21 20:02:40.721, 67.55 W, 600.00 W, 2542 MHz, 50, 30220 MiB
2026/09/21 20:02:41.722, 67.40 W, 600.00 W, 2542 MHz, 50, 30220 MiB
2026/09/21 20:02:42.722, 66.75 W, 600.00 W, 2542 MHz, 50, 30220 MiB
2026/09/21 20:02:43.723, 67.03 W, 600.00 W, 2542 MHz, 49, 30220 MiB
2026/09/21 20:02:44.723, 67.14 W, 600.00 W, 2542 MHz, 49, 30220 MiB
2026/09/21 20:02:45.723, 66.99 W, 600.00 W, 2542 MHz, 49, 30220 MiB
2026/09/21 20:02:46.724, 67.20 W, 600.00 W, 2542 MHz, 49, 30220 MiB
2026/09/21 20:02:47.724, 67.79 W, 600.00 W, 2542 MHz, 49, 30220 MiB
2026/09/21 20:02:48.725, 67.98 W, 600.00 W, 2542 MHz, 49, 30220 MiB
2026/09/21 20:02:49.725, 67.20 W, 600.00 W, 2542 MHz, 49, 30220 MiB
2026/09/21 20:02:50.726, 66.35 W, 600.00 W, 2542 MHz, 49, 30220 MiB
2026/09/21 20:02:51.726, 125.99 W, 600.00 W, 2767 MHz, 51, 31640 MiB
2026/09/21 20:02:52.727, 428.78 W, 600.00 W, 2880 MHz, 55, 31640 MiB
2026/09/21 20:02:53.728, 415.22 W, 600.00 W, 2880 MHz, 57, 31640 MiB
2026/09/21 20:02:54.730, 416.79 W, 600.00 W, 2880 MHz, 58, 31640 MiB
2026/09/21 20:02:55.731, 409.45 W, 600.00 W, 2880 MHz, 58, 31640 MiB
2026/09/21 20:02:56.732, 354.45 W, 600.00 W, 2887 MHz, 57, 31642 MiB
2026/09/21 20:02:57.732, 334.70 W, 600.00 W, 2887 MHz, 55, 31642 MiB
2026/09/21 20:02:58.733, 215.76 W, 600.00 W, 2895 MHz, 52, 31642 MiB
2026/09/21 20:02:59.734, 92.20 W, 600.00 W, 2902 MHz, 52, 31642 MiB
2026/09/21 20:03:00.735, 79.05 W, 600.00 W, 2542 MHz, 51, 31642 MiB
2026/09/21 20:03:01.735, 68.30 W, 600.00 W, 2542 MHz, 51, 31642 MiB
2026/09/21 20:03:02.736, 67.96 W, 600.00 W, 2542 MHz, 51, 31642 MiB
2026/09/21 20:03:03.736, 67.39 W, 600.00 W, 2542 MHz, 51, 31642 MiB
2026/09/21 20:03:04.737, 67.29 W, 600.00 W, 2542 MHz, 50, 31642 MiB
2026/09/21 20:03:05.737, 67.61 W, 600.00 W, 2542 MHz, 50, 31642 MiB
2026/09/21 20:03:06.738, 67.99 W, 600.00 W, 2542 MHz, 50, 31642 MiB
2026/09/21 20:03:07.738, 68.17 W, 600.00 W, 2542 MHz, 50, 31642 MiB
2026/09/21 20:03:08.739, 68.20 W, 600.00 W, 2542 MHz, 50, 31642 MiB
2026/09/21 20:03:09.739, 68.68 W, 600.00 W, 2542 MHz, 50, 31642 MiB
2026/09/21 20:03:10.740, 68.79 W, 600.00 W, 2542 MHz, 50, 31642 MiB
2026/09/21 20:03:11.740, 68.49 W, 600.00 W, 2542 MHz, 50, 31642 MiB
2026/09/21 20:03:12.741, 67.95 W, 600.00 W, 2542 MHz, 50, 31642 MiB
2026/09/21 20:03:13.741, 67.03 W, 600.00 W, 2542 MHz, 50, 31642 MiB
2026/09/21 20:03:14.742, 141.12 W, 600.00 W, 2542 MHz, 63, 31642 MiB
2026/09/21 20:03:15.742, 552.56 W, 600.00 W, 2767 MHz, 57, 31642 MiB
2026/09/21 20:03:16.743, 363.36 W, 600.00 W, 2887 MHz, 57, 31642 MiB
2026/09/21 20:03:17.744, 363.89 W, 600.00 W, 2887 MHz, 57, 31642 MiB
2026/09/21 20:03:18.745, 355.17 W, 600.00 W, 2887 MHz, 57, 31642 MiB
2026/09/21 20:03:19.746, 576.47 W, 600.00 W, 2737 MHz, 60, 31642 MiB
2026/09/21 20:03:20.747, 367.41 W, 600.00 W, 2887 MHz, 58, 31642 MiB
2026/09/21 20:03:21.748, 366.20 W, 600.00 W, 2887 MHz, 58, 31642 MiB
2026/09/21 20:03:22.749, 366.67 W, 600.00 W, 2887 MHz, 58, 31642 MiB
2026/09/21 20:03:23.750, 366.60 W, 600.00 W, 2887 MHz, 58, 31642 MiB
2026/09/21 20:03:24.751, 230.07 W, 600.00 W, 2887 MHz, 53, 31642 MiB
2026/09/21 20:03:25.752, 95.32 W, 600.00 W, 2887 MHz, 53, 31642 MiB
2026/09/21 20:03:26.752, 76.64 W, 600.00 W, 2542 MHz, 52, 31642 MiB
2026/09/21 20:03:27.753, 70.66 W, 600.00 W, 2542 MHz, 52, 31642 MiB
2026/09/21 20:03:28.753, 69.62 W, 600.00 W, 2542 MHz, 52, 31642 MiB
2026/09/21 20:03:29.754, 69.69 W, 600.00 W, 2542 MHz, 51, 31642 MiB
2026/09/21 20:03:30.754, 69.46 W, 600.00 W, 2542 MHz, 51, 31642 MiB
2026/09/21 20:03:31.755, 69.80 W, 600.00 W, 2542 MHz, 51, 31642 MiB
2026/09/21 20:03:32.755, 69.74 W, 600.00 W, 2542 MHz, 51, 31642 MiB
2026/09/21 20:03:33.756, 70.03 W, 600.00 W, 2542 MHz, 51, 31642 MiB
2026/09/21 20:03:34.757, 69.77 W, 600.00 W, 2542 MHz, 51, 31642 MiB
2026/09/21 20:03:35.757, 68.83 W, 600.00 W, 2542 MHz, 51, 31642 MiB
2026/09/21 20:03:36.757, 68.32 W, 600.00 W, 2542 MHz, 51, 31642 MiB
2026/09/21 20:03:37.758, 68.55 W, 600.00 W, 2542 MHz, 51, 31642 MiB
2026/09/21 20:03:38.758, 78.46 W, 600.00 W, 2542 MHz, 51, 31642 MiB
2026/09/21 20:03:39.759, 68.62 W, 600.00 W, 2542 MHz, 50, 31642 MiB
2026/09/21 20:03:40.759, 69.08 W, 600.00 W, 2542 MHz, 50, 31642 MiB
2026/09/21 20:03:41.760, 314.74 W, 600.00 W, 2782 MHz, 65, 31642 MiB
2026/09/21 20:03:42.761, 602.72 W, 600.00 W, 2730 MHz, 67, 31702 MiB
2026/09/21 20:03:43.761, 599.66 W, 600.00 W, 2745 MHz, 68, 31742 MiB
2026/09/21 20:03:44.762, 600.62 W, 600.00 W, 2760 MHz, 66, 31742 MiB
2026/09/21 20:03:45.763, 598.92 W, 600.00 W, 2760 MHz, 67, 31742 MiB
2026/09/21 20:03:46.763, 600.71 W, 600.00 W, 2730 MHz, 69, 31742 MiB
2026/09/21 20:03:47.764, 551.13 W, 600.00 W, 2812 MHz, 61, 31742 MiB
2026/09/21 20:03:48.765, 445.66 W, 600.00 W, 2872 MHz, 62, 31742 MiB
2026/09/21 20:03:49.766, 444.99 W, 600.00 W, 2872 MHz, 62, 31742 MiB
2026/09/21 20:03:50.767, 446.34 W, 600.00 W, 2872 MHz, 62, 31742 MiB
2026/09/21 20:03:51.768, 412.21 W, 600.00 W, 2880 MHz, 60, 31742 MiB
2026/09/21 20:03:52.769, 397.82 W, 600.00 W, 2887 MHz, 61, 31742 MiB
2026/09/21 20:03:53.770, 376.69 W, 600.00 W, 2887 MHz, 60, 31742 MiB
2026/09/21 20:03:54.771, 371.66 W, 600.00 W, 2887 MHz, 60, 31742 MiB
2026/09/21 20:03:55.772, 371.67 W, 600.00 W, 2887 MHz, 60, 31742 MiB
2026/09/21 20:03:56.773, 371.78 W, 600.00 W, 2887 MHz, 60, 31742 MiB
2026/09/21 20:03:57.774, 371.04 W, 600.00 W, 2887 MHz, 60, 31742 MiB
2026/09/21 20:03:58.775, 236.15 W, 600.00 W, 2887 MHz, 55, 31742 MiB
2026/09/21 20:03:59.776, 97.33 W, 600.00 W, 2887 MHz, 55, 31742 MiB
2026/09/21 20:04:00.776, 83.08 W, 600.00 W, 2542 MHz, 54, 31742 MiB
2026/09/21 20:04:01.777, 73.46 W, 600.00 W, 2542 MHz, 53, 31742 MiB
2026/09/21 20:04:02.777, 73.20 W, 600.00 W, 2542 MHz, 53, 31742 MiB
2026/09/21 20:04:03.778, 72.97 W, 600.00 W, 2542 MHz, 53, 31742 MiB
2026/09/21 20:04:04.778, 72.62 W, 600.00 W, 2542 MHz, 53, 31742 MiB
2026/09/21 20:04:05.779, 71.71 W, 600.00 W, 2542 MHz, 53, 31742 MiB
2026/09/21 20:04:06.779, 70.65 W, 600.00 W, 2542 MHz, 52, 31742 MiB
2026/09/21 20:04:07.780, 70.36 W, 600.00 W, 2542 MHz, 52, 31742 MiB
2026/09/21 20:04:08.780, 70.67 W, 600.00 W, 2542 MHz, 52, 31742 MiB
2026/09/21 20:04:09.781, 70.01 W, 600.00 W, 2542 MHz, 52, 31742 MiB
2026/09/21 20:04:10.781, 70.27 W, 600.00 W, 2542 MHz, 52, 31742 MiB
2026/09/21 20:04:11.782, 69.74 W, 600.00 W, 2542 MHz, 52, 31742 MiB
2026/09/21 20:04:12.782, 69.16 W, 600.00 W, 2542 MHz, 52, 31742 MiB
2026/09/21 20:04:13.783, 68.71 W, 600.00 W, 2542 MHz, 51, 31742 MiB
2026/09/21 20:04:14.783, 69.07 W, 600.00 W, 2542 MHz, 51, 31742 MiB
2026/09/21 20:04:15.876, 520.69 W, 600.00 W, 2730 MHz, 66, 31742 MiB
2026/09/21 20:04:16.877, 502.55 W, 600.00 W, 2887 MHz, 59, 31742 MiB
2026/09/21 20:04:17.878, 372.84 W, 600.00 W, 2887 MHz, 59, 31742 MiB
2026/09/21 20:04:18.879, 373.17 W, 600.00 W, 2887 MHz, 59, 31742 MiB
2026/09/21 20:04:19.880, 339.72 W, 600.00 W, 2887 MHz, 59, 31742 MiB
2026/09/21 20:04:20.880, 384.73 W, 600.00 W, 2887 MHz, 66, 31742 MiB
2026/09/21 20:04:21.881, 602.77 W, 600.00 W, 2752 MHz, 69, 31742 MiB
2026/09/21 20:04:22.882, 453.61 W, 600.00 W, 2887 MHz, 60, 31742 MiB
2026/09/21 20:04:23.883, 373.62 W, 600.00 W, 2887 MHz, 60, 31742 MiB
2026/09/21 20:04:24.884, 374.24 W, 600.00 W, 2887 MHz, 60, 31742 MiB
2026/09/21 20:04:25.885, 274.18 W, 600.00 W, 2887 MHz, 55, 31742 MiB
2026/09/21 20:04:26.886, 96.90 W, 600.00 W, 2887 MHz, 54, 31742 MiB
2026/09/21 20:04:27.886, 84.07 W, 600.00 W, 2542 MHz, 53, 31742 MiB
2026/09/21 20:04:28.887, 72.76 W, 600.00 W, 2542 MHz, 53, 31742 MiB
2026/09/21 20:04:29.887, 71.92 W, 600.00 W, 2542 MHz, 53, 31742 MiB
2026/09/21 20:04:30.888, 71.61 W, 600.00 W, 2542 MHz, 53, 31742 MiB
2026/09/21 20:04:31.888, 71.19 W, 600.00 W, 2542 MHz, 52, 31742 MiB
2026/09/21 20:04:32.889, 71.16 W, 600.00 W, 2542 MHz, 52, 31742 MiB
2026/09/21 20:04:33.889, 70.32 W, 600.00 W, 2542 MHz, 52, 31742 MiB
2026/09/21 20:04:34.890, 69.75 W, 600.00 W, 2542 MHz, 52, 31742 MiB
2026/09/21 20:04:35.891, 69.65 W, 600.00 W, 2542 MHz, 52, 31742 MiB
2026/09/21 20:04:36.891, 69.22 W, 600.00 W, 2542 MHz, 52, 31742 MiB
2026/09/21 20:04:37.892, 69.29 W, 600.00 W, 2542 MHz, 52, 31742 MiB
2026/09/21 20:04:38.892, 77.82 W, 600.00 W, 2542 MHz, 52, 31742 MiB
2026/09/21 20:04:39.893, 69.83 W, 600.00 W, 2542 MHz, 51, 31742 MiB
2026/09/21 20:04:40.893, 70.09 W, 600.00 W, 2542 MHz, 51, 31742 MiB
2026/09/21 20:04:41.894, 70.10 W, 600.00 W, 2542 MHz, 51, 31742 MiB
2026/09/21 20:04:42.894, 69.57 W, 600.00 W, 2542 MHz, 51, 31742 MiB
2026/09/21 20:04:43.895, 538.55 W, 600.00 W, 2737 MHz, 67, 31742 MiB
2026/09/21 20:04:44.896, 599.88 W, 600.00 W, 2730 MHz, 68, 31742 MiB
2026/09/21 20:04:45.896, 600.32 W, 600.00 W, 2730 MHz, 68, 31742 MiB
2026/09/21 20:04:46.897, 599.16 W, 600.00 W, 2722 MHz, 69, 31742 MiB
2026/09/21 20:04:47.899, 601.01 W, 600.00 W, 2752 MHz, 67, 31742 MiB
2026/09/21 20:04:48.900, 600.98 W, 600.00 W, 2737 MHz, 70, 31742 MiB
2026/09/21 20:04:49.901, 599.86 W, 600.00 W, 2737 MHz, 69, 31742 MiB
2026/09/21 20:04:50.901, 600.11 W, 600.00 W, 2730 MHz, 70, 31744 MiB
2026/09/21 20:04:51.902, 599.20 W, 600.00 W, 2730 MHz, 71, 31744 MiB
2026/09/21 20:04:52.902, 600.27 W, 600.00 W, 2715 MHz, 70, 31744 MiB
2026/09/21 20:04:53.903, 572.27 W, 600.00 W, 2752 MHz, 64, 31744 MiB
2026/09/21 20:04:54.904, 459.39 W, 600.00 W, 2850 MHz, 64, 31744 MiB
2026/09/21 20:04:55.905, 460.30 W, 600.00 W, 2850 MHz, 64, 31744 MiB
2026/09/21 20:04:56.906, 482.26 W, 600.00 W, 2850 MHz, 70, 31744 MiB
2026/09/21 20:04:57.907, 605.69 W, 600.00 W, 2737 MHz, 71, 31744 MiB
2026/09/21 20:04:58.908, 589.21 W, 600.00 W, 2730 MHz, 67, 31744 MiB
2026/09/21 20:04:59.909, 430.23 W, 600.00 W, 2857 MHz, 63, 31744 MiB
2026/09/21 20:05:00.910, 379.48 W, 600.00 W, 2872 MHz, 63, 31744 MiB
2026/09/21 20:05:01.911, 385.25 W, 600.00 W, 2880 MHz, 62, 31744 MiB
2026/09/21 20:05:02.912, 379.42 W, 600.00 W, 2880 MHz, 62, 31744 MiB
2026/09/21 20:05:03.913, 380.56 W, 600.00 W, 2887 MHz, 62, 31744 MiB
2026/09/21 20:05:04.914, 380.52 W, 600.00 W, 2887 MHz, 62, 31744 MiB
2026/09/21 20:05:05.915, 379.70 W, 600.00 W, 2887 MHz, 63, 31744 MiB
2026/09/21 20:05:06.917, 156.74 W, 600.00 W, 2887 MHz, 57, 31744 MiB
2026/09/21 20:05:07.917, 99.14 W, 600.00 W, 2887 MHz, 56, 31744 MiB
2026/09/21 20:05:08.918, 78.95 W, 600.00 W, 2542 MHz, 55, 31744 MiB
2026/09/21 20:05:09.918, 76.45 W, 600.00 W, 2542 MHz, 55, 31744 MiB
2026/09/21 20:05:10.919, 75.73 W, 600.00 W, 2542 MHz, 55, 31744 MiB
2026/09/21 20:05:11.919, 75.32 W, 600.00 W, 2542 MHz, 55, 31744 MiB
2026/09/21 20:05:12.920, 75.01 W, 600.00 W, 2542 MHz, 54, 31744 MiB
2026/09/21 20:05:13.920, 74.24 W, 600.00 W, 2542 MHz, 54, 31744 MiB
2026/09/21 20:05:14.921, 73.57 W, 600.00 W, 2542 MHz, 54, 31744 MiB
2026/09/21 20:05:15.921, 72.79 W, 600.00 W, 2542 MHz, 54, 31744 MiB
2026/09/21 20:05:16.922, 72.95 W, 600.00 W, 2542 MHz, 54, 31744 MiB
2026/09/21 20:05:17.922, 72.54 W, 600.00 W, 2542 MHz, 54, 31744 MiB
2026/09/21 20:05:18.923, 72.73 W, 600.00 W, 2542 MHz, 53, 31744 MiB
2026/09/21 20:05:19.923, 72.20 W, 600.00 W, 2542 MHz, 53, 31744 MiB
2026/09/21 20:05:20.924, 72.11 W, 600.00 W, 2542 MHz, 53, 31744 MiB
2026/09/21 20:05:21.924, 72.20 W, 600.00 W, 2542 MHz, 53, 31744 MiB
2026/09/21 20:05:22.925, 71.68 W, 600.00 W, 2542 MHz, 53, 31744 MiB
2026/09/21 20:05:23.925, 513.71 W, 600.00 W, 2752 MHz, 65, 31744 MiB
2026/09/21 20:05:24.926, 600.10 W, 600.00 W, 2730 MHz, 70, 31744 MiB
2026/09/21 20:05:25.927, 599.92 W, 600.00 W, 2707 MHz, 71, 31744 MiB
2026/09/21 20:05:26.927, 599.44 W, 600.00 W, 2692 MHz, 71, 31744 MiB
2026/09/21 20:05:27.928, 591.82 W, 600.00 W, 2745 MHz, 70, 31744 MiB
2026/09/21 20:05:28.929, 400.01 W, 600.00 W, 2872 MHz, 62, 31744 MiB
2026/09/21 20:05:29.930, 384.36 W, 600.00 W, 2880 MHz, 62, 31744 MiB
2026/09/21 20:05:30.931, 384.04 W, 600.00 W, 2880 MHz, 61, 31744 MiB
2026/09/21 20:05:31.932, 384.10 W, 600.00 W, 2880 MHz, 62, 31744 MiB
2026/09/21 20:05:32.933, 384.39 W, 600.00 W, 2880 MHz, 62, 31744 MiB
2026/09/21 20:05:33.934, 385.14 W, 600.00 W, 2880 MHz, 62, 31744 MiB
2026/09/21 20:05:34.934, 385.62 W, 600.00 W, 2880 MHz, 62, 31744 MiB
2026/09/21 20:05:35.935, 386.02 W, 600.00 W, 2880 MHz, 62, 31744 MiB
2026/09/21 20:05:36.936, 385.99 W, 600.00 W, 2880 MHz, 62, 31744 MiB
2026/09/21 20:05:37.937, 385.85 W, 600.00 W, 2880 MHz, 62, 31744 MiB
2026/09/21 20:05:38.938, 372.49 W, 600.00 W, 2880 MHz, 68, 31744 MiB
2026/09/21 20:05:39.939, 607.15 W, 600.00 W, 2715 MHz, 69, 31744 MiB
2026/09/21 20:05:40.939, 600.51 W, 600.00 W, 2730 MHz, 71, 31744 MiB
2026/09/21 20:05:41.940, 599.61 W, 600.00 W, 2692 MHz, 73, 31744 MiB
2026/09/21 20:05:42.941, 601.30 W, 600.00 W, 2692 MHz, 72, 31744 MiB
2026/09/21 20:05:43.941, 544.55 W, 600.00 W, 2760 MHz, 64, 31744 MiB
2026/09/21 20:05:44.942, 388.75 W, 600.00 W, 2872 MHz, 64, 31744 MiB
2026/09/21 20:05:45.943, 388.29 W, 600.00 W, 2872 MHz, 64, 31744 MiB
2026/09/21 20:05:46.944, 388.49 W, 600.00 W, 2872 MHz, 64, 31744 MiB
2026/09/21 20:05:47.945, 344.53 W, 600.00 W, 2872 MHz, 59, 31744 MiB
2026/09/21 20:05:48.945, 102.05 W, 600.00 W, 2887 MHz, 57, 31744 MiB
2026/09/21 20:05:49.946, 94.05 W, 600.00 W, 2640 MHz, 56, 31744 MiB
2026/09/21 20:05:50.946, 78.58 W, 600.00 W, 2542 MHz, 56, 31744 MiB
2026/09/21 20:05:51.947, 76.94 W, 600.00 W, 2542 MHz, 56, 31744 MiB
2026/09/21 20:05:52.947, 76.31 W, 600.00 W, 2542 MHz, 55, 31744 MiB
2026/09/21 20:05:53.948, 75.75 W, 600.00 W, 2542 MHz, 55, 31744 MiB
2026/09/21 20:05:54.949, 75.21 W, 600.00 W, 2542 MHz, 55, 31744 MiB
2026/09/21 20:05:55.949, 74.40 W, 600.00 W, 2542 MHz, 55, 31744 MiB
2026/09/21 20:05:56.950, 74.38 W, 600.00 W, 2542 MHz, 54, 31744 MiB
2026/09/21 20:05:57.950, 74.09 W, 600.00 W, 2542 MHz, 54, 31744 MiB
2026/09/21 20:05:58.951, 73.60 W, 600.00 W, 2542 MHz, 54, 31744 MiB
2026/09/21 20:05:59.951, 73.08 W, 600.00 W, 2542 MHz, 54, 31744 MiB
2026/09/21 20:06:00.952, 72.37 W, 600.00 W, 2542 MHz, 54, 31744 MiB
2026/09/21 20:06:01.952, 72.39 W, 600.00 W, 2542 MHz, 54, 31744 MiB
2026/09/21 20:06:02.953, 72.64 W, 600.00 W, 2542 MHz, 53, 31744 MiB
2026/09/21 20:06:03.953, 72.24 W, 600.00 W, 2542 MHz, 53, 31744 MiB
2026/09/21 20:06:04.954, 71.83 W, 600.00 W, 2542 MHz, 53, 31744 MiB
2026/09/21 20:06:05.956, 37.76 W, 600.00 W, 442 MHz, 52, 31744 MiB
2026/09/21 20:06:06.958, 379.66 W, 600.00 W, 2767 MHz, 68, 31744 MiB
2026/09/21 20:06:07.960, 603.79 W, 600.00 W, 2730 MHz, 70, 31744 MiB
2026/09/21 20:06:08.960, 600.39 W, 600.00 W, 2700 MHz, 70, 31744 MiB
2026/09/21 20:06:09.961, 599.59 W, 600.00 W, 2692 MHz, 70, 31744 MiB
2026/09/21 20:06:10.962, 600.33 W, 600.00 W, 2700 MHz, 71, 31744 MiB
2026/09/21 20:06:11.962, 599.38 W, 600.00 W, 2670 MHz, 71, 31824 MiB
2026/09/21 20:06:12.963, 600.78 W, 600.00 W, 2707 MHz, 70, 31824 MiB
2026/09/21 20:06:13.965, 601.26 W, 600.00 W, 2700 MHz, 71, 31824 MiB
2026/09/21 20:06:14.966, 600.17 W, 600.00 W, 2692 MHz, 72, 31824 MiB
2026/09/21 20:06:15.966, 600.22 W, 600.00 W, 2700 MHz, 70, 31824 MiB
2026/09/21 20:06:16.967, 493.04 W, 600.00 W, 2850 MHz, 65, 31824 MiB
2026/09/21 20:06:17.968, 452.45 W, 600.00 W, 2850 MHz, 65, 31824 MiB
2026/09/21 20:06:18.969, 452.86 W, 600.00 W, 2850 MHz, 65, 31824 MiB
2026/09/21 20:06:19.970, 463.08 W, 600.00 W, 2850 MHz, 71, 31824 MiB
2026/09/21 20:06:20.970, 605.43 W, 600.00 W, 2767 MHz, 71, 31824 MiB
2026/09/21 20:06:21.971, 601.10 W, 600.00 W, 2715 MHz, 72, 31824 MiB
2026/09/21 20:06:22.972, 601.12 W, 600.00 W, 2677 MHz, 74, 31824 MiB
2026/09/21 20:06:23.973, 599.47 W, 600.00 W, 2700 MHz, 74, 31824 MiB
2026/09/21 20:06:24.973, 599.30 W, 600.00 W, 2715 MHz, 73, 31824 MiB
2026/09/21 20:06:25.974, 600.68 W, 600.00 W, 2677 MHz, 71, 31824 MiB
2026/09/21 20:06:26.975, 599.83 W, 600.00 W, 2662 MHz, 73, 31824 MiB
2026/09/21 20:06:27.976, 599.64 W, 600.00 W, 2685 MHz, 72, 31824 MiB
2026/09/21 20:06:28.976, 600.26 W, 600.00 W, 2700 MHz, 72, 31824 MiB
2026/09/21 20:06:29.977, 600.33 W, 600.00 W, 2737 MHz, 74, 31824 MiB
2026/09/21 20:06:30.978, 599.33 W, 600.00 W, 2715 MHz, 74, 31824 MiB
2026/09/21 20:06:31.979, 600.19 W, 600.00 W, 2692 MHz, 73, 31824 MiB
2026/09/21 20:06:32.980, 598.77 W, 600.00 W, 2692 MHz, 76, 31824 MiB
2026/09/21 20:06:33.981, 571.70 W, 600.00 W, 2722 MHz, 69, 31824 MiB
2026/09/21 20:06:34.982, 458.21 W, 600.00 W, 2850 MHz, 68, 31824 MiB
2026/09/21 20:06:35.983, 447.43 W, 600.00 W, 2857 MHz, 68, 31824 MiB
2026/09/21 20:06:36.983, 446.31 W, 600.00 W, 2857 MHz, 68, 31824 MiB
2026/09/21 20:06:37.984, 437.09 W, 600.00 W, 2857 MHz, 66, 31824 MiB
2026/09/21 20:06:38.985, 129.18 W, 600.00 W, 2887 MHz, 60, 31824 MiB
2026/09/21 20:06:39.985, 99.05 W, 600.00 W, 2887 MHz, 59, 31824 MiB
2026/09/21 20:06:40.986, 82.28 W, 600.00 W, 2542 MHz, 58, 31824 MiB
2026/09/21 20:06:41.986, 88.65 W, 600.00 W, 2542 MHz, 58, 31824 MiB
2026/09/21 20:06:42.987, 78.82 W, 600.00 W, 2542 MHz, 58, 31824 MiB
2026/09/21 20:06:43.988, 78.19 W, 600.00 W, 2542 MHz, 57, 31824 MiB
2026/09/21 20:06:44.988, 77.36 W, 600.00 W, 2542 MHz, 57, 31824 MiB
2026/09/21 20:06:45.989, 76.75 W, 600.00 W, 2542 MHz, 57, 31824 MiB
2026/09/21 20:06:46.989, 76.96 W, 600.00 W, 2542 MHz, 56, 31824 MiB
2026/09/21 20:06:47.990, 77.84 W, 600.00 W, 2542 MHz, 56, 31824 MiB
2026/09/21 20:06:48.990, 77.66 W, 600.00 W, 2542 MHz, 56, 31824 MiB
2026/09/21 20:06:49.991, 76.87 W, 600.00 W, 2542 MHz, 56, 31824 MiB
2026/09/21 20:06:50.991, 75.07 W, 600.00 W, 2542 MHz, 56, 31824 MiB
2026/09/21 20:06:51.992, 74.75 W, 600.00 W, 2542 MHz, 55, 31824 MiB
2026/09/21 20:06:52.992, 74.80 W, 600.00 W, 2542 MHz, 55, 31824 MiB
2026/09/21 20:06:53.993, 75.07 W, 600.00 W, 2542 MHz, 55, 31824 MiB
2026/09/21 20:06:54.993, 74.31 W, 600.00 W, 2542 MHz, 55, 31824 MiB
2026/09/21 20:06:55.994, 74.48 W, 600.00 W, 2542 MHz, 55, 31824 MiB
2026/09/21 20:06:56.994, 339.67 W, 600.00 W, 2745 MHz, 70, 31824 MiB
2026/09/21 20:06:57.995, 601.47 W, 600.00 W, 2730 MHz, 68, 31824 MiB
2026/09/21 20:06:58.995, 600.34 W, 600.00 W, 2707 MHz, 71, 31824 MiB
2026/09/21 20:06:59.996, 600.00 W, 600.00 W, 2655 MHz, 72, 31824 MiB
2026/09/21 20:07:00.997, 597.35 W, 600.00 W, 2707 MHz, 71, 31824 MiB
2026/09/21 20:07:01.998, 601.57 W, 600.00 W, 2677 MHz, 72, 31824 MiB
2026/09/21 20:07:02.999, 599.70 W, 600.00 W, 2632 MHz, 72, 31824 MiB
2026/09/21 20:07:04.000, 600.94 W, 600.00 W, 2685 MHz, 71, 31824 MiB
2026/09/21 20:07:05.000, 598.47 W, 600.00 W, 2632 MHz, 71, 31824 MiB
2026/09/21 20:07:06.001, 603.92 W, 600.00 W, 2655 MHz, 73, 31824 MiB
2026/09/21 20:07:07.002, 599.48 W, 600.00 W, 2670 MHz, 72, 31824 MiB
2026/09/21 20:07:08.002, 598.36 W, 600.00 W, 2640 MHz, 75, 31824 MiB
2026/09/21 20:07:09.003, 603.41 W, 600.00 W, 2655 MHz, 73, 31824 MiB
2026/09/21 20:07:10.004, 469.95 W, 600.00 W, 2865 MHz, 66, 31824 MiB
2026/09/21 20:07:11.005, 404.61 W, 600.00 W, 2865 MHz, 65, 31824 MiB
2026/09/21 20:07:12.008, 404.80 W, 600.00 W, 2865 MHz, 65, 31824 MiB
2026/09/21 20:07:13.009, 405.24 W, 600.00 W, 2865 MHz, 65, 31824 MiB
2026/09/21 20:07:14.010, 339.82 W, 600.00 W, 2887 MHz, 71, 31824 MiB
2026/09/21 20:07:15.011, 607.18 W, 600.00 W, 2707 MHz, 74, 31824 MiB
2026/09/21 20:07:16.011, 600.09 W, 600.00 W, 2677 MHz, 73, 31824 MiB
2026/09/21 20:07:17.012, 599.26 W, 600.00 W, 2692 MHz, 74, 31824 MiB
2026/09/21 20:07:18.013, 601.39 W, 600.00 W, 2677 MHz, 76, 31824 MiB
2026/09/21 20:07:19.014, 599.08 W, 600.00 W, 2677 MHz, 73, 31824 MiB
2026/09/21 20:07:20.015, 599.57 W, 600.00 W, 2617 MHz, 76, 31824 MiB
2026/09/21 20:07:21.015, 600.82 W, 600.00 W, 2670 MHz, 76, 31824 MiB
2026/09/21 20:07:22.016, 598.88 W, 600.00 W, 2602 MHz, 77, 31824 MiB
2026/09/21 20:07:23.017, 600.50 W, 600.00 W, 2647 MHz, 75, 31824 MiB
2026/09/21 20:07:24.017, 600.86 W, 600.00 W, 2677 MHz, 74, 31824 MiB
2026/09/21 20:07:25.018, 598.75 W, 600.00 W, 2640 MHz, 77, 31824 MiB
2026/09/21 20:07:26.020, 600.64 W, 600.00 W, 2632 MHz, 77, 31824 MiB
2026/09/21 20:07:27.020, 539.80 W, 600.00 W, 2745 MHz, 68, 31824 MiB
2026/09/21 20:07:28.021, 409.53 W, 600.00 W, 2865 MHz, 68, 31824 MiB
2026/09/21 20:07:29.022, 409.38 W, 600.00 W, 2865 MHz, 68, 31824 MiB
2026/09/21 20:07:30.023, 408.64 W, 600.00 W, 2865 MHz, 67, 31824 MiB
2026/09/21 20:07:31.024, 408.11 W, 600.00 W, 2865 MHz, 67, 31824 MiB
2026/09/21 20:07:32.025, 400.19 W, 600.00 W, 2865 MHz, 67, 31824 MiB
2026/09/21 20:07:33.025, 103.87 W, 600.00 W, 2887 MHz, 61, 31824 MiB
2026/09/21 20:07:34.026, 99.55 W, 600.00 W, 2887 MHz, 60, 31824 MiB
2026/09/21 20:07:35.026, 80.91 W, 600.00 W, 2542 MHz, 59, 31824 MiB
2026/09/21 20:07:36.027, 80.05 W, 600.00 W, 2542 MHz, 59, 31824 MiB
2026/09/21 20:07:37.027, 78.96 W, 600.00 W, 2542 MHz, 59, 31824 MiB
2026/09/21 20:07:38.028, 78.15 W, 600.00 W, 2542 MHz, 58, 31824 MiB
2026/09/21 20:07:39.029, 77.61 W, 600.00 W, 2542 MHz, 58, 31824 MiB
2026/09/21 20:07:40.029, 77.67 W, 600.00 W, 2542 MHz, 58, 31824 MiB
2026/09/21 20:07:41.030, 77.55 W, 600.00 W, 2542 MHz, 57, 31824 MiB
2026/09/21 20:07:42.030, 86.00 W, 600.00 W, 2625 MHz, 57, 31824 MiB
2026/09/21 20:07:43.031, 77.56 W, 600.00 W, 2542 MHz, 57, 31824 MiB
2026/09/21 20:07:44.031, 77.41 W, 600.00 W, 2542 MHz, 57, 31824 MiB
2026/09/21 20:07:45.032, 76.90 W, 600.00 W, 2542 MHz, 57, 31824 MiB
2026/09/21 20:07:46.032, 76.03 W, 600.00 W, 2542 MHz, 56, 31824 MiB
2026/09/21 20:07:47.033, 75.36 W, 600.00 W, 2542 MHz, 56, 31824 MiB
2026/09/21 20:07:48.033, 75.25 W, 600.00 W, 2542 MHz, 56, 31824 MiB
2026/09/21 20:07:49.034, 75.07 W, 600.00 W, 2542 MHz, 56, 31824 MiB
2026/09/21 20:07:50.034, 75.32 W, 600.00 W, 2542 MHz, 56, 31824 MiB
2026/09/21 20:07:51.035, 74.98 W, 600.00 W, 2542 MHz, 55, 31824 MiB
2026/09/21 20:07:52.035, 74.79 W, 600.00 W, 2542 MHz, 55, 31824 MiB
2026/09/21 20:07:53.036, 510.80 W, 600.00 W, 2662 MHz, 72, 31824 MiB
2026/09/21 20:07:54.037, 593.62 W, 600.00 W, 2760 MHz, 69, 31824 MiB
2026/09/21 20:07:55.037, 603.51 W, 600.00 W, 2752 MHz, 73, 31824 MiB
2026/09/21 20:07:56.038, 601.65 W, 600.00 W, 2662 MHz, 71, 31824 MiB
2026/09/21 20:07:57.039, 598.61 W, 600.00 W, 2647 MHz, 73, 31824 MiB
2026/09/21 20:07:58.041, 599.54 W, 600.00 W, 2692 MHz, 72, 31824 MiB
2026/09/21 20:07:59.042, 600.98 W, 600.00 W, 2632 MHz, 74, 31824 MiB
2026/09/21 20:08:00.042, 599.87 W, 600.00 W, 2640 MHz, 75, 31824 MiB
2026/09/21 20:08:01.043, 600.27 W, 600.00 W, 2662 MHz, 75, 31824 MiB
2026/09/21 20:08:02.044, 600.88 W, 600.00 W, 2670 MHz, 75, 31824 MiB
2026/09/21 20:08:03.044, 596.97 W, 600.00 W, 2640 MHz, 75, 31824 MiB
2026/09/21 20:08:04.045, 601.67 W, 600.00 W, 2647 MHz, 76, 31824 MiB
2026/09/21 20:08:05.046, 602.18 W, 600.00 W, 2625 MHz, 74, 31824 MiB
2026/09/21 20:08:06.046, 600.52 W, 600.00 W, 2640 MHz, 75, 31824 MiB
2026/09/21 20:08:07.047, 599.43 W, 600.00 W, 2700 MHz, 75, 31824 MiB
2026/09/21 20:08:08.048, 584.49 W, 600.00 W, 2647 MHz, 70, 31824 MiB
2026/09/21 20:08:09.049, 474.38 W, 600.00 W, 2835 MHz, 69, 31824 MiB
2026/09/21 20:08:10.050, 474.25 W, 600.00 W, 2835 MHz, 69, 31824 MiB
2026/09/21 20:08:11.050, 474.54 W, 600.00 W, 2835 MHz, 69, 31824 MiB
2026/09/21 20:08:12.051, 578.69 W, 600.00 W, 2775 MHz, 73, 31824 MiB
2026/09/21 20:08:13.052, 603.11 W, 600.00 W, 2715 MHz, 76, 31824 MiB
2026/09/21 20:08:14.053, 601.02 W, 600.00 W, 2677 MHz, 74, 31824 MiB
2026/09/21 20:08:15.054, 599.55 W, 600.00 W, 2647 MHz, 77, 31824 MiB
2026/09/21 20:08:16.055, 599.71 W, 600.00 W, 2640 MHz, 74, 31824 MiB
2026/09/21 20:08:17.055, 599.59 W, 600.00 W, 2677 MHz, 77, 31824 MiB
2026/09/21 20:08:18.056, 600.98 W, 600.00 W, 2662 MHz, 75, 31824 MiB
2026/09/21 20:08:19.056, 600.57 W, 600.00 W, 2640 MHz, 77, 31824 MiB
2026/09/21 20:08:20.057, 597.03 W, 600.00 W, 2625 MHz, 76, 31824 MiB
2026/09/21 20:08:21.058, 601.26 W, 600.00 W, 2632 MHz, 74, 31824 MiB
2026/09/21 20:08:22.059, 600.97 W, 600.00 W, 2640 MHz, 78, 31824 MiB
2026/09/21 20:08:23.059, 598.30 W, 600.00 W, 2625 MHz, 79, 31824 MiB
2026/09/21 20:08:24.060, 595.75 W, 600.00 W, 2647 MHz, 73, 31824 MiB
2026/09/21 20:08:25.061, 605.68 W, 600.00 W, 2670 MHz, 78, 31824 MiB
2026/09/21 20:08:26.061, 601.02 W, 600.00 W, 2625 MHz, 78, 31824 MiB
2026/09/21 20:08:27.062, 521.39 W, 600.00 W, 2835 MHz, 71, 31824 MiB
2026/09/21 20:08:28.064, 458.35 W, 600.00 W, 2850 MHz, 71, 31824 MiB
2026/09/21 20:08:29.065, 454.86 W, 600.00 W, 2850 MHz, 70, 31824 MiB
2026/09/21 20:08:30.065, 338.30 W, 600.00 W, 2872 MHz, 64, 31824 MiB
2026/09/21 20:08:31.066, 105.23 W, 600.00 W, 2880 MHz, 63, 31824 MiB
2026/09/21 20:08:32.066, 97.59 W, 600.00 W, 2632 MHz, 61, 31824 MiB
2026/09/21 20:08:33.067, 84.37 W, 600.00 W, 2542 MHz, 61, 31824 MiB
2026/09/21 20:08:34.068, 84.10 W, 600.00 W, 2542 MHz, 61, 31824 MiB
2026/09/21 20:08:35.068, 84.04 W, 600.00 W, 2542 MHz, 60, 31824 MiB
2026/09/21 20:08:36.069, 83.58 W, 600.00 W, 2542 MHz, 60, 31824 MiB
2026/09/21 20:08:37.069, 83.25 W, 600.00 W, 2542 MHz, 59, 31824 MiB
2026/09/21 20:08:38.070, 83.13 W, 600.00 W, 2542 MHz, 59, 31824 MiB
2026/09/21 20:08:39.070, 82.43 W, 600.00 W, 2542 MHz, 59, 31824 MiB
2026/09/21 20:08:40.071, 81.66 W, 600.00 W, 2542 MHz, 59, 31824 MiB
2026/09/21 20:08:41.072, 80.71 W, 600.00 W, 2542 MHz, 58, 31824 MiB
2026/09/21 20:08:42.073, 80.13 W, 600.00 W, 2542 MHz, 58, 31824 MiB
2026/09/21 20:08:43.073, 88.35 W, 600.00 W, 2542 MHz, 58, 31824 MiB
2026/09/21 20:08:44.074, 79.91 W, 600.00 W, 2542 MHz, 58, 31824 MiB
2026/09/21 20:08:45.074, 79.24 W, 600.00 W, 2542 MHz, 57, 31824 MiB
2026/09/21 20:08:46.075, 78.59 W, 600.00 W, 2542 MHz, 57, 31824 MiB
2026/09/21 20:08:47.075, 78.61 W, 600.00 W, 2542 MHz, 57, 31824 MiB
2026/09/21 20:08:48.076, 78.14 W, 600.00 W, 2542 MHz, 57, 31824 MiB
2026/09/21 20:08:49.076, 78.06 W, 600.00 W, 2542 MHz, 57, 31824 MiB
2026/09/21 20:08:50.077, 421.16 W, 600.00 W, 2737 MHz, 72, 31824 MiB
2026/09/21 20:08:51.078, 600.86 W, 600.00 W, 2700 MHz, 70, 31824 MiB
2026/09/21 20:08:52.078, 600.18 W, 600.00 W, 2685 MHz, 72, 31824 MiB
2026/09/21 20:08:53.080, 599.45 W, 600.00 W, 2662 MHz, 72, 31824 MiB
2026/09/21 20:08:54.081, 598.78 W, 600.00 W, 2640 MHz, 75, 31824 MiB
2026/09/21 20:08:55.082, 600.57 W, 600.00 W, 2670 MHz, 71, 31824 MiB
2026/09/21 20:08:56.082, 597.50 W, 600.00 W, 2662 MHz, 72, 31824 MiB
2026/09/21 20:08:57.083, 600.66 W, 600.00 W, 2640 MHz, 72, 31824 MiB
2026/09/21 20:08:58.084, 600.91 W, 600.00 W, 2617 MHz, 76, 31824 MiB
2026/09/21 20:08:59.084, 600.05 W, 600.00 W, 2632 MHz, 73, 31824 MiB
2026/09/21 20:09:00.085, 599.73 W, 600.00 W, 2670 MHz, 76, 31824 MiB
2026/09/21 20:09:01.086, 600.87 W, 600.00 W, 2610 MHz, 75, 31824 MiB
2026/09/21 20:09:02.086, 598.61 W, 600.00 W, 2632 MHz, 73, 31824 MiB
2026/09/21 20:09:03.087, 600.15 W, 600.00 W, 2617 MHz, 73, 31824 MiB
2026/09/21 20:09:04.088, 599.78 W, 600.00 W, 2610 MHz, 77, 31824 MiB
2026/09/21 20:09:05.088, 599.47 W, 600.00 W, 2640 MHz, 73, 31824 MiB
2026/09/21 20:09:06.089, 598.90 W, 600.00 W, 2640 MHz, 75, 31824 MiB
2026/09/21 20:09:07.090, 596.93 W, 600.00 W, 2655 MHz, 72, 31824 MiB
2026/09/21 20:09:08.090, 598.52 W, 600.00 W, 2610 MHz, 74, 31824 MiB
2026/09/21 20:09:09.091, 602.05 W, 600.00 W, 2625 MHz, 77, 31824 MiB
2026/09/21 20:09:10.091, 595.40 W, 600.00 W, 2625 MHz, 78, 31824 MiB
2026/09/21 20:09:11.092, 598.32 W, 600.00 W, 2617 MHz, 74, 31824 MiB
2026/09/21 20:09:12.093, 602.13 W, 600.00 W, 2632 MHz, 77, 31824 MiB
2026/09/21 20:09:13.093, 599.43 W, 600.00 W, 2602 MHz, 78, 31824 MiB
2026/09/21 20:09:14.094, 600.33 W, 600.00 W, 2632 MHz, 77, 31824 MiB
2026/09/21 20:09:15.095, 598.02 W, 600.00 W, 2587 MHz, 74, 31824 MiB
2026/09/21 20:09:16.095, 602.38 W, 600.00 W, 2602 MHz, 78, 31824 MiB
2026/09/21 20:09:17.096, 601.26 W, 600.00 W, 2662 MHz, 78, 31824 MiB
2026/09/21 20:09:18.097, 597.58 W, 600.00 W, 2595 MHz, 78, 31824 MiB
2026/09/21 20:09:19.097, 598.26 W, 600.00 W, 2617 MHz, 78, 31824 MiB
2026/09/21 20:09:20.098, 600.50 W, 600.00 W, 2617 MHz, 79, 31824 MiB
2026/09/21 20:09:21.098, 594.30 W, 600.00 W, 2617 MHz, 78, 31824 MiB
2026/09/21 20:09:22.099, 589.65 W, 600.00 W, 2580 MHz, 78, 31824 MiB
2026/09/21 20:09:23.101, 599.44 W, 600.00 W, 2617 MHz, 76, 31824 MiB
2026/09/21 20:09:24.101, 599.11 W, 600.00 W, 2617 MHz, 76, 31824 MiB
2026/09/21 20:09:25.102, 601.70 W, 600.00 W, 2595 MHz, 80, 31824 MiB
2026/09/21 20:09:26.103, 599.05 W, 600.00 W, 2610 MHz, 79, 31824 MiB
2026/09/21 20:09:27.104, 599.62 W, 600.00 W, 2610 MHz, 76, 31824 MiB
2026/09/21 20:09:28.104, 550.56 W, 600.00 W, 2767 MHz, 71, 31824 MiB
2026/09/21 20:09:29.105, 438.57 W, 600.00 W, 2850 MHz, 71, 31824 MiB
2026/09/21 20:09:30.106, 438.35 W, 600.00 W, 2850 MHz, 70, 31824 MiB
2026/09/21 20:09:31.107, 437.23 W, 600.00 W, 2850 MHz, 70, 31824 MiB
2026/09/21 20:09:32.110, 437.54 W, 600.00 W, 2850 MHz, 70, 31824 MiB
2026/09/21 20:09:33.111, 437.26 W, 600.00 W, 2850 MHz, 70, 31824 MiB
2026/09/21 20:09:34.112, 436.87 W, 600.00 W, 2850 MHz, 70, 31824 MiB
2026/09/21 20:09:35.113, 437.55 W, 600.00 W, 2850 MHz, 70, 31824 MiB
2026/09/21 20:09:36.114, 362.44 W, 600.00 W, 2850 MHz, 64, 31824 MiB
2026/09/21 20:09:37.114, 397.31 W, 600.00 W, 2722 MHz, 77, 31824 MiB
2026/09/21 20:09:38.115, 601.04 W, 600.00 W, 2700 MHz, 77, 31824 MiB
2026/09/21 20:09:39.117, 599.42 W, 600.00 W, 2670 MHz, 78, 31824 MiB
2026/09/21 20:09:40.118, 599.01 W, 600.00 W, 2632 MHz, 79, 31824 MiB
2026/09/21 20:09:41.119, 599.83 W, 600.00 W, 2617 MHz, 78, 31824 MiB
2026/09/21 20:09:42.119, 600.67 W, 600.00 W, 2670 MHz, 79, 31824 MiB
2026/09/21 20:09:43.120, 598.90 W, 600.00 W, 2632 MHz, 79, 31824 MiB
2026/09/21 20:09:44.121, 597.68 W, 600.00 W, 2617 MHz, 77, 31824 MiB
2026/09/21 20:09:45.122, 601.65 W, 600.00 W, 2610 MHz, 79, 31824 MiB
2026/09/21 20:09:46.123, 598.19 W, 600.00 W, 2595 MHz, 79, 31824 MiB
2026/09/21 20:09:47.123, 605.72 W, 600.00 W, 2602 MHz, 79, 31824 MiB
2026/09/21 20:09:48.124, 601.08 W, 600.00 W, 2610 MHz, 76, 31824 MiB
2026/09/21 20:09:49.125, 599.84 W, 600.00 W, 2602 MHz, 78, 31824 MiB
2026/09/21 20:09:50.125, 597.94 W, 600.00 W, 2595 MHz, 77, 31824 MiB
2026/09/21 20:09:51.126, 603.73 W, 600.00 W, 2617 MHz, 80, 31824 MiB
2026/09/21 20:09:52.126, 599.70 W, 600.00 W, 2617 MHz, 80, 31824 MiB
2026/09/21 20:09:53.127, 598.30 W, 600.00 W, 2632 MHz, 76, 31824 MiB
2026/09/21 20:09:54.128, 600.83 W, 600.00 W, 2640 MHz, 80, 31824 MiB
2026/09/21 20:09:55.128, 598.62 W, 600.00 W, 2602 MHz, 80, 31824 MiB
2026/09/21 20:09:56.129, 601.06 W, 600.00 W, 2595 MHz, 79, 31824 MiB
2026/09/21 20:09:57.130, 601.27 W, 600.00 W, 2617 MHz, 80, 31824 MiB
2026/09/21 20:09:58.130, 594.96 W, 600.00 W, 2587 MHz, 78, 31824 MiB
2026/09/21 20:09:59.131, 598.02 W, 600.00 W, 2617 MHz, 78, 31824 MiB
2026/09/21 20:10:00.131, 597.32 W, 600.00 W, 2580 MHz, 78, 31824 MiB
2026/09/21 20:10:01.132, 599.28 W, 600.00 W, 2610 MHz, 78, 31824 MiB
2026/09/21 20:10:02.133, 597.43 W, 600.00 W, 2610 MHz, 80, 31824 MiB
2026/09/21 20:10:03.133, 607.01 W, 600.00 W, 2610 MHz, 80, 31824 MiB
2026/09/21 20:10:04.134, 597.94 W, 600.00 W, 2640 MHz, 77, 31824 MiB
2026/09/21 20:10:05.135, 602.77 W, 600.00 W, 2617 MHz, 80, 31824 MiB
2026/09/21 20:10:06.136, 595.50 W, 600.00 W, 2587 MHz, 77, 31824 MiB
2026/09/21 20:10:07.136, 605.99 W, 600.00 W, 2617 MHz, 81, 31824 MiB
2026/09/21 20:10:08.137, 595.51 W, 600.00 W, 2595 MHz, 80, 31824 MiB
2026/09/21 20:10:09.138, 591.00 W, 600.00 W, 2587 MHz, 80, 31824 MiB
2026/09/21 20:10:10.138, 591.86 W, 600.00 W, 2587 MHz, 76, 31824 MiB
2026/09/21 20:10:11.140, 598.25 W, 600.00 W, 2580 MHz, 78, 31824 MiB
2026/09/21 20:10:12.141, 594.73 W, 600.00 W, 2602 MHz, 80, 31824 MiB
2026/09/21 20:10:13.141, 605.38 W, 600.00 W, 2572 MHz, 79, 31824 MiB
2026/09/21 20:10:14.142, 600.26 W, 600.00 W, 2595 MHz, 81, 31824 MiB
2026/09/21 20:10:15.143, 582.78 W, 600.00 W, 2692 MHz, 74, 31824 MiB
2026/09/21 20:10:16.144, 441.53 W, 600.00 W, 2835 MHz, 72, 31824 MiB
2026/09/21 20:10:17.145, 440.14 W, 600.00 W, 2835 MHz, 72, 31824 MiB
2026/09/21 20:10:18.145, 439.90 W, 600.00 W, 2835 MHz, 72, 31824 MiB
2026/09/21 20:10:19.147, 440.37 W, 600.00 W, 2835 MHz, 72, 31824 MiB
2026/09/21 20:10:20.148, 440.28 W, 600.00 W, 2835 MHz, 72, 31824 MiB
2026/09/21 20:10:21.148, 180.75 W, 600.00 W, 2880 MHz, 65, 31824 MiB
2026/09/21 20:10:22.149, 106.55 W, 600.00 W, 2880 MHz, 64, 31824 MiB
2026/09/21 20:10:23.149, 87.07 W, 600.00 W, 2542 MHz, 63, 31824 MiB
2026/09/21 20:10:24.150, 86.20 W, 600.00 W, 2542 MHz, 62, 31824 MiB
2026/09/21 20:10:25.151, 85.23 W, 600.00 W, 2542 MHz, 62, 31824 MiB
2026/09/21 20:10:26.151, 84.40 W, 600.00 W, 2542 MHz, 62, 31824 MiB
2026/09/21 20:10:27.152, 84.10 W, 600.00 W, 2542 MHz, 61, 31824 MiB
2026/09/21 20:10:28.152, 83.95 W, 600.00 W, 2542 MHz, 61, 31824 MiB
2026/09/21 20:10:29.153, 83.72 W, 600.00 W, 2542 MHz, 60, 31824 MiB
2026/09/21 20:10:30.153, 83.55 W, 600.00 W, 2542 MHz, 60, 31824 MiB
2026/09/21 20:10:31.154, 83.46 W, 600.00 W, 2542 MHz, 60, 31824 MiB
2026/09/21 20:10:32.154, 83.10 W, 600.00 W, 2542 MHz, 59, 31824 MiB
2026/09/21 20:10:33.155, 82.39 W, 600.00 W, 2542 MHz, 59, 31824 MiB
2026/09/21 20:10:34.155, 81.92 W, 600.00 W, 2542 MHz, 59, 31824 MiB
2026/09/21 20:10:35.156, 81.20 W, 600.00 W, 2542 MHz, 59, 31824 MiB
2026/09/21 20:10:36.156, 81.31 W, 600.00 W, 2542 MHz, 58, 31824 MiB
2026/09/21 20:10:37.157, 80.96 W, 600.00 W, 2542 MHz, 58, 31824 MiB
2026/09/21 20:10:38.160, 44.51 W, 600.00 W, 427 MHz, 57, 31824 MiB
2026/09/21 20:10:39.162, 34.78 W, 600.00 W, 255 MHz, 56, 31824 MiB
2026/09/21 20:10:40.165, 31.86 W, 600.00 W, 195 MHz, 56, 31824 MiB
2026/09/21 20:10:41.166, 549.39 W, 600.00 W, 2730 MHz, 72, 31824 MiB
2026/09/21 20:10:42.167, 599.51 W, 600.00 W, 2722 MHz, 73, 31824 MiB
2026/09/21 20:10:43.167, 600.11 W, 600.00 W, 2700 MHz, 72, 31824 MiB
2026/09/21 20:10:44.168, 599.28 W, 600.00 W, 2647 MHz, 74, 31824 MiB
2026/09/21 20:10:45.168, 599.68 W, 600.00 W, 2632 MHz, 75, 31824 MiB
2026/09/21 20:10:46.169, 599.69 W, 600.00 W, 2670 MHz, 73, 31824 MiB
2026/09/21 20:10:47.170, 601.21 W, 600.00 W, 2625 MHz, 75, 31824 MiB
2026/09/21 20:10:48.170, 597.31 W, 600.00 W, 2617 MHz, 76, 31824 MiB
2026/09/21 20:10:49.171, 601.68 W, 600.00 W, 2662 MHz, 74, 31824 MiB
2026/09/21 20:10:50.172, 600.61 W, 600.00 W, 2640 MHz, 76, 31824 MiB
2026/09/21 20:10:51.172, 599.36 W, 600.00 W, 2632 MHz, 74, 31824 MiB
2026/09/21 20:10:52.173, 597.84 W, 600.00 W, 2662 MHz, 77, 31824 MiB
2026/09/21 20:10:53.175, 600.86 W, 600.00 W, 2647 MHz, 77, 31824 MiB
2026/09/21 20:10:54.176, 602.42 W, 600.00 W, 2655 MHz, 77, 31824 MiB
2026/09/21 20:10:55.177, 597.16 W, 600.00 W, 2640 MHz, 74, 31824 MiB
2026/09/21 20:10:56.177, 600.51 W, 600.00 W, 2610 MHz, 77, 31824 MiB
2026/09/21 20:10:57.178, 599.33 W, 600.00 W, 2640 MHz, 77, 31824 MiB
2026/09/21 20:10:58.179, 599.58 W, 600.00 W, 2595 MHz, 78, 31824 MiB
2026/09/21 20:10:59.179, 599.77 W, 600.00 W, 2617 MHz, 75, 31824 MiB
2026/09/21 20:11:00.180, 602.78 W, 600.00 W, 2625 MHz, 78, 31824 MiB
2026/09/21 20:11:01.180, 600.71 W, 600.00 W, 2595 MHz, 76, 31824 MiB
2026/09/21 20:11:02.181, 602.44 W, 600.00 W, 2617 MHz, 77, 31824 MiB
2026/09/21 20:11:03.182, 602.12 W, 600.00 W, 2632 MHz, 78, 31824 MiB
2026/09/21 20:11:04.183, 600.16 W, 600.00 W, 2640 MHz, 78, 31824 MiB
2026/09/21 20:11:05.183, 601.86 W, 600.00 W, 2655 MHz, 78, 31824 MiB
2026/09/21 20:11:06.184, 597.11 W, 600.00 W, 2587 MHz, 76, 31824 MiB
2026/09/21 20:11:07.185, 596.95 W, 600.00 W, 2595 MHz, 78, 31824 MiB
2026/09/21 20:11:08.186, 605.94 W, 600.00 W, 2670 MHz, 79, 31824 MiB
2026/09/21 20:11:09.187, 594.33 W, 600.00 W, 2580 MHz, 78, 31824 MiB
2026/09/21 20:11:10.187, 603.30 W, 600.00 W, 2662 MHz, 78, 31824 MiB
2026/09/21 20:11:11.188, 601.95 W, 600.00 W, 2617 MHz, 79, 31824 MiB
2026/09/21 20:11:12.188, 591.84 W, 600.00 W, 2602 MHz, 78, 31824 MiB
2026/09/21 20:11:13.189, 593.16 W, 600.00 W, 2595 MHz, 77, 31824 MiB
2026/09/21 20:11:14.189, 596.66 W, 600.00 W, 2602 MHz, 77, 31824 MiB
2026/09/21 20:11:15.190, 598.80 W, 600.00 W, 2625 MHz, 74, 31824 MiB
2026/09/21 20:11:16.191, 601.87 W, 600.00 W, 2565 MHz, 76, 31824 MiB
2026/09/21 20:11:17.191, 598.38 W, 600.00 W, 2572 MHz, 77, 31824 MiB
2026/09/21 20:11:18.193, 600.54 W, 600.00 W, 2587 MHz, 77, 31824 MiB
2026/09/21 20:11:19.194, 599.23 W, 600.00 W, 2670 MHz, 78, 31824 MiB
2026/09/21 20:11:20.194, 596.92 W, 600.00 W, 2760 MHz, 77, 31824 MiB
2026/09/21 20:11:21.195, 600.88 W, 600.00 W, 2700 MHz, 79, 31824 MiB
2026/09/21 20:11:22.196, 555.33 W, 600.00 W, 2782 MHz, 71, 31824 MiB
2026/09/21 20:11:23.197, 438.95 W, 600.00 W, 2850 MHz, 71, 31824 MiB
2026/09/21 20:11:24.198, 438.10 W, 600.00 W, 2850 MHz, 71, 31824 MiB
2026/09/21 20:11:25.199, 438.23 W, 600.00 W, 2850 MHz, 71, 31824 MiB
2026/09/21 20:11:26.200, 557.62 W, 600.00 W, 2662 MHz, 78, 31824 MiB
2026/09/21 20:11:27.200, 598.58 W, 600.00 W, 2647 MHz, 78, 31824 MiB
2026/09/21 20:11:28.202, 598.75 W, 600.00 W, 2610 MHz, 76, 31824 MiB
2026/09/21 20:11:29.202, 601.41 W, 600.00 W, 2647 MHz, 77, 31824 MiB
2026/09/21 20:11:30.203, 598.80 W, 600.00 W, 2640 MHz, 78, 31824 MiB
2026/09/21 20:11:31.204, 600.88 W, 600.00 W, 2632 MHz, 76, 31824 MiB
2026/09/21 20:11:32.205, 600.03 W, 600.00 W, 2595 MHz, 80, 31824 MiB
2026/09/21 20:11:33.205, 601.18 W, 600.00 W, 2610 MHz, 77, 31824 MiB
2026/09/21 20:11:34.206, 602.85 W, 600.00 W, 2632 MHz, 80, 31824 MiB
2026/09/21 20:11:35.207, 598.22 W, 600.00 W, 2602 MHz, 76, 31824 MiB
2026/09/21 20:11:36.207, 599.56 W, 600.00 W, 2617 MHz, 78, 31824 MiB
2026/09/21 20:11:37.208, 598.14 W, 600.00 W, 2602 MHz, 77, 31824 MiB
2026/09/21 20:11:38.209, 603.04 W, 600.00 W, 2602 MHz, 80, 31824 MiB
2026/09/21 20:11:39.210, 597.45 W, 600.00 W, 2617 MHz, 80, 31824 MiB
2026/09/21 20:11:40.210, 599.46 W, 600.00 W, 2655 MHz, 80, 31824 MiB
2026/09/21 20:11:41.211, 599.91 W, 600.00 W, 2617 MHz, 80, 31824 MiB
2026/09/21 20:11:42.211, 601.82 W, 600.00 W, 2595 MHz, 80, 31824 MiB
2026/09/21 20:11:43.212, 600.58 W, 600.00 W, 2610 MHz, 78, 31824 MiB
2026/09/21 20:11:44.213, 600.24 W, 600.00 W, 2617 MHz, 80, 31824 MiB
2026/09/21 20:11:45.213, 600.05 W, 600.00 W, 2632 MHz, 80, 31824 MiB
2026/09/21 20:11:46.214, 595.96 W, 600.00 W, 2632 MHz, 80, 31824 MiB
2026/09/21 20:11:47.215, 597.07 W, 600.00 W, 2602 MHz, 80, 31824 MiB
2026/09/21 20:11:48.215, 601.04 W, 600.00 W, 2617 MHz, 80, 31824 MiB
2026/09/21 20:11:49.216, 602.85 W, 600.00 W, 2632 MHz, 80, 31824 MiB
2026/09/21 20:11:50.216, 597.29 W, 600.00 W, 2595 MHz, 81, 31824 MiB
2026/09/21 20:11:51.217, 594.73 W, 600.00 W, 2602 MHz, 80, 31824 MiB
2026/09/21 20:11:52.218, 602.62 W, 600.00 W, 2655 MHz, 79, 31824 MiB
2026/09/21 20:11:53.218, 596.26 W, 600.00 W, 2580 MHz, 80, 31824 MiB
2026/09/21 20:11:54.219, 593.73 W, 600.00 W, 2610 MHz, 77, 31824 MiB
2026/09/21 20:11:55.220, 606.48 W, 600.00 W, 2655 MHz, 78, 31824 MiB
2026/09/21 20:11:56.220, 599.99 W, 600.00 W, 2602 MHz, 81, 31824 MiB
2026/09/21 20:11:57.221, 596.13 W, 600.00 W, 2580 MHz, 80, 31824 MiB
2026/09/21 20:11:58.222, 603.83 W, 600.00 W, 2580 MHz, 80, 31824 MiB
2026/09/21 20:11:59.223, 601.05 W, 600.00 W, 2595 MHz, 81, 31824 MiB
2026/09/21 20:12:00.224, 601.96 W, 600.00 W, 2580 MHz, 81, 31824 MiB
2026/09/21 20:12:01.225, 598.75 W, 600.00 W, 2602 MHz, 79, 31824 MiB
2026/09/21 20:12:02.225, 566.30 W, 600.00 W, 2692 MHz, 73, 31824 MiB
2026/09/21 20:12:03.226, 441.84 W, 600.00 W, 2835 MHz, 72, 31824 MiB
2026/09/21 20:12:04.236, 440.83 W, 600.00 W, 2835 MHz, 72, 31824 MiB
2026/09/21 20:12:05.237, 440.22 W, 600.00 W, 2835 MHz, 72, 31824 MiB
2026/09/21 20:12:06.238, 439.75 W, 600.00 W, 2835 MHz, 71, 31824 MiB
2026/09/21 20:12:07.239, 439.91 W, 600.00 W, 2835 MHz, 71, 31824 MiB
2026/09/21 20:12:08.239, 261.52 W, 600.00 W, 2880 MHz, 65, 31824 MiB
2026/09/21 20:12:09.240, 106.38 W, 600.00 W, 2880 MHz, 64, 31824 MiB
2026/09/21 20:12:10.240, 91.71 W, 600.00 W, 2542 MHz, 63, 31824 MiB
2026/09/21 20:12:11.241, 85.63 W, 600.00 W, 2542 MHz, 63, 31824 MiB
2026/09/21 20:12:12.241, 85.24 W, 600.00 W, 2542 MHz, 62, 31824 MiB
2026/09/21 20:12:13.242, 85.07 W, 600.00 W, 2542 MHz, 62, 31824 MiB
2026/09/21 20:12:14.243, 84.64 W, 600.00 W, 2542 MHz, 61, 31824 MiB
2026/09/21 20:12:15.243, 84.78 W, 600.00 W, 2542 MHz, 61, 31824 MiB
2026/09/21 20:12:16.244, 84.72 W, 600.00 W, 2542 MHz, 60, 31824 MiB
2026/09/21 20:12:17.244, 84.40 W, 600.00 W, 2542 MHz, 60, 31824 MiB
2026/09/21 20:12:18.245, 83.64 W, 600.00 W, 2542 MHz, 60, 31824 MiB
2026/09/21 20:12:19.245, 82.47 W, 600.00 W, 2542 MHz, 59, 31824 MiB
2026/09/21 20:12:20.246, 81.95 W, 600.00 W, 2542 MHz, 59, 31824 MiB
2026/09/21 20:12:21.246, 81.92 W, 600.00 W, 2542 MHz, 59, 31824 MiB
2026/09/21 20:12:22.247, 81.74 W, 600.00 W, 2542 MHz, 59, 31824 MiB
2026/09/21 20:12:23.247, 81.89 W, 600.00 W, 2542 MHz, 58, 31824 MiB
2026/09/21 20:12:24.248, 81.14 W, 600.00 W, 2542 MHz, 58, 31824 MiB
2026/09/21 20:12:25.249, 44.71 W, 600.00 W, 442 MHz, 57, 31824 MiB
2026/09/21 20:12:26.250, 36.43 W, 600.00 W, 255 MHz, 57, 31824 MiB
2026/09/21 20:12:27.251, 33.42 W, 600.00 W, 195 MHz, 56, 31824 MiB
2026/09/21 20:12:28.258, 29.33 W, 600.00 W, 195 MHz, 56, 31824 MiB
2026/09/21 20:12:29.259, 26.30 W, 600.00 W, 195 MHz, 56, 31824 MiB
2026/09/21 20:12:30.260, 27.64 W, 600.00 W, 195 MHz, 56, 31824 MiB
2026/09/21 20:12:31.262, 27.06 W, 600.00 W, 195 MHz, 55, 31824 MiB
2026/09/21 20:12:32.263, 49.62 W, 600.00 W, 195 MHz, 60, 31824 MiB
2026/09/21 20:12:33.264, 590.06 W, 600.00 W, 2752 MHz, 71, 31824 MiB
2026/09/21 20:12:34.264, 600.42 W, 600.00 W, 2715 MHz, 71, 31824 MiB
2026/09/21 20:12:35.265, 598.46 W, 600.00 W, 2700 MHz, 71, 31824 MiB
2026/09/21 20:12:36.266, 601.44 W, 600.00 W, 2677 MHz, 72, 31824 MiB
2026/09/21 20:12:37.266, 599.55 W, 600.00 W, 2685 MHz, 74, 31824 MiB
2026/09/21 20:12:38.267, 598.54 W, 600.00 W, 2647 MHz, 75, 31824 MiB
2026/09/21 20:12:39.268, 599.83 W, 600.00 W, 2655 MHz, 72, 31824 MiB
2026/09/21 20:12:40.269, 601.78 W, 600.00 W, 2625 MHz, 74, 31824 MiB
2026/09/21 20:12:41.269, 601.20 W, 600.00 W, 2655 MHz, 75, 31824 MiB
2026/09/21 20:12:42.270, 599.59 W, 600.00 W, 2632 MHz, 76, 31824 MiB
2026/09/21 20:12:43.270, 601.38 W, 600.00 W, 2640 MHz, 74, 31824 MiB
2026/09/21 20:12:44.271, 601.12 W, 600.00 W, 2655 MHz, 77, 31824 MiB
2026/09/21 20:12:45.272, 603.18 W, 600.00 W, 2647 MHz, 76, 31824 MiB
2026/09/21 20:12:46.272, 598.40 W, 600.00 W, 2640 MHz, 76, 31824 MiB
2026/09/21 20:12:47.273, 599.09 W, 600.00 W, 2632 MHz, 77, 31824 MiB
2026/09/21 20:12:48.273, 600.45 W, 600.00 W, 2647 MHz, 75, 31824 MiB
2026/09/21 20:12:49.274, 599.01 W, 600.00 W, 2625 MHz, 75, 31824 MiB
2026/09/21 20:12:50.275, 598.11 W, 600.00 W, 2625 MHz, 75, 31824 MiB
2026/09/21 20:12:51.275, 603.17 W, 600.00 W, 2632 MHz, 77, 31824 MiB
2026/09/21 20:12:52.276, 600.27 W, 600.00 W, 2625 MHz, 74, 31824 MiB
2026/09/21 20:12:53.277, 601.04 W, 600.00 W, 2640 MHz, 78, 31824 MiB
2026/09/21 20:12:54.277, 595.37 W, 600.00 W, 2617 MHz, 77, 31824 MiB
2026/09/21 20:12:55.278, 600.06 W, 600.00 W, 2610 MHz, 73, 31824 MiB
2026/09/21 20:12:56.279, 597.23 W, 600.00 W, 2625 MHz, 75, 31824 MiB
2026/09/21 20:12:57.280, 597.01 W, 600.00 W, 2610 MHz, 78, 31824 MiB
2026/09/21 20:12:58.282, 597.88 W, 600.00 W, 2655 MHz, 78, 31824 MiB
2026/09/21 20:12:59.283, 596.93 W, 600.00 W, 2617 MHz, 75, 31824 MiB
2026/09/21 20:13:00.283, 599.69 W, 600.00 W, 2617 MHz, 79, 31824 MiB
2026/09/21 20:13:01.284, 605.17 W, 600.00 W, 2625 MHz, 78, 31824 MiB
2026/09/21 20:13:02.284, 597.28 W, 600.00 W, 2625 MHz, 78, 31824 MiB
2026/09/21 20:13:03.285, 596.22 W, 600.00 W, 2587 MHz, 78, 31824 MiB
2026/09/21 20:13:04.286, 606.59 W, 600.00 W, 2647 MHz, 79, 31824 MiB
2026/09/21 20:13:05.286, 604.69 W, 600.00 W, 2625 MHz, 78, 31824 MiB
2026/09/21 20:13:06.287, 596.73 W, 600.00 W, 2610 MHz, 78, 31824 MiB
2026/09/21 20:13:07.288, 600.62 W, 600.00 W, 2602 MHz, 78, 31824 MiB
2026/09/21 20:13:08.288, 599.82 W, 600.00 W, 2617 MHz, 79, 31824 MiB
2026/09/21 20:13:09.289, 594.91 W, 600.00 W, 2587 MHz, 79, 31824 MiB
2026/09/21 20:13:10.289, 598.76 W, 600.00 W, 2625 MHz, 79, 31824 MiB
2026/09/21 20:13:11.290, 594.49 W, 600.00 W, 2670 MHz, 79, 31824 MiB
2026/09/21 20:13:12.294, 602.25 W, 600.00 W, 2617 MHz, 79, 31824 MiB
2026/09/21 20:13:13.295, 592.43 W, 600.00 W, 2595 MHz, 75, 31824 MiB
2026/09/21 20:13:14.295, 601.58 W, 600.00 W, 2610 MHz, 79, 31824 MiB
2026/09/21 20:13:15.296, 595.14 W, 600.00 W, 2602 MHz, 76, 31824 MiB
2026/09/21 20:13:16.297, 606.85 W, 600.00 W, 2595 MHz, 79, 31824 MiB
2026/09/21 20:13:17.298, 588.80 W, 600.00 W, 2602 MHz, 74, 31824 MiB
2026/09/21 20:13:18.298, 600.11 W, 600.00 W, 2580 MHz, 80, 31824 MiB
2026/09/21 20:13:19.299, 602.28 W, 600.00 W, 2610 MHz, 80, 31824 MiB
2026/09/21 20:13:20.301, 595.07 W, 600.00 W, 2602 MHz, 80, 31824 MiB
2026/09/21 20:13:21.301, 599.24 W, 600.00 W, 2587 MHz, 78, 31824 MiB
2026/09/21 20:13:22.302, 602.41 W, 600.00 W, 2587 MHz, 79, 31824 MiB
2026/09/21 20:13:23.303, 599.69 W, 600.00 W, 2595 MHz, 80, 31824 MiB
2026/09/21 20:13:24.303, 603.53 W, 600.00 W, 2602 MHz, 80, 31824 MiB
2026/09/21 20:13:25.304, 598.80 W, 600.00 W, 2602 MHz, 80, 31824 MiB
2026/09/21 20:13:26.305, 600.21 W, 600.00 W, 2610 MHz, 80, 31824 MiB
2026/09/21 20:13:27.305, 603.15 W, 600.00 W, 2632 MHz, 80, 31824 MiB
2026/09/21 20:13:28.306, 594.49 W, 600.00 W, 2655 MHz, 80, 31824 MiB
2026/09/21 20:13:29.307, 610.00 W, 600.00 W, 2572 MHz, 80, 31824 MiB
2026/09/21 20:13:30.307, 600.52 W, 600.00 W, 2572 MHz, 80, 31824 MiB
2026/09/21 20:13:31.308, 599.90 W, 600.00 W, 2587 MHz, 80, 31824 MiB
2026/09/21 20:13:32.309, 594.85 W, 600.00 W, 2595 MHz, 77, 31824 MiB
2026/09/21 20:13:33.309, 598.74 W, 600.00 W, 2602 MHz, 78, 31824 MiB
2026/09/21 20:13:34.310, 595.01 W, 600.00 W, 2587 MHz, 80, 31824 MiB
2026/09/21 20:13:35.310, 601.20 W, 600.00 W, 2610 MHz, 80, 31824 MiB
2026/09/21 20:13:36.312, 599.18 W, 600.00 W, 2610 MHz, 81, 31824 MiB
2026/09/21 20:13:37.312, 600.45 W, 600.00 W, 2602 MHz, 81, 31824 MiB
2026/09/21 20:13:38.313, 600.23 W, 600.00 W, 2595 MHz, 78, 31824 MiB
2026/09/21 20:13:39.313, 597.67 W, 600.00 W, 2587 MHz, 80, 31824 MiB
2026/09/21 20:13:40.314, 600.60 W, 600.00 W, 2595 MHz, 80, 31824 MiB
2026/09/21 20:13:41.315, 597.48 W, 600.00 W, 2595 MHz, 80, 31824 MiB
2026/09/21 20:13:42.315, 593.17 W, 600.00 W, 2587 MHz, 80, 31824 MiB
2026/09/21 20:13:43.316, 601.63 W, 600.00 W, 2610 MHz, 81, 31824 MiB
2026/09/21 20:13:44.316, 599.79 W, 600.00 W, 2595 MHz, 77, 31824 MiB
2026/09/21 20:13:45.317, 604.93 W, 600.00 W, 2632 MHz, 80, 31824 MiB
2026/09/21 20:13:46.317, 599.60 W, 600.00 W, 2595 MHz, 79, 31824 MiB
2026/09/21 20:13:47.318, 598.65 W, 600.00 W, 2580 MHz, 80, 31824 MiB
2026/09/21 20:13:48.319, 596.82 W, 600.00 W, 2602 MHz, 80, 31824 MiB
2026/09/21 20:13:49.319, 602.77 W, 600.00 W, 2602 MHz, 80, 31824 MiB
2026/09/21 20:13:50.321, 590.28 W, 600.00 W, 2602 MHz, 76, 31824 MiB
2026/09/21 20:13:51.322, 601.49 W, 600.00 W, 2610 MHz, 81, 31824 MiB
2026/09/21 20:13:52.322, 598.89 W, 600.00 W, 2580 MHz, 80, 31824 MiB
2026/09/21 20:13:53.323, 605.56 W, 600.00 W, 2595 MHz, 81, 31824 MiB
2026/09/21 20:13:54.323, 605.37 W, 600.00 W, 2610 MHz, 80, 31824 MiB
2026/09/21 20:13:55.324, 594.89 W, 600.00 W, 2565 MHz, 80, 31824 MiB
2026/09/21 20:13:56.325, 600.41 W, 600.00 W, 2602 MHz, 81, 31824 MiB
2026/09/21 20:13:57.325, 605.40 W, 600.00 W, 2617 MHz, 80, 31824 MiB
2026/09/21 20:13:58.326, 598.21 W, 600.00 W, 2550 MHz, 80, 31824 MiB
2026/09/21 20:13:59.327, 595.88 W, 600.00 W, 2602 MHz, 78, 31824 MiB
2026/09/21 20:14:00.328, 590.55 W, 600.00 W, 2610 MHz, 81, 31824 MiB
2026/09/21 20:14:01.328, 607.64 W, 600.00 W, 2602 MHz, 81, 31824 MiB
2026/09/21 20:14:02.329, 601.54 W, 600.00 W, 2565 MHz, 80, 31824 MiB
2026/09/21 20:14:03.329, 599.09 W, 600.00 W, 2565 MHz, 80, 31824 MiB
2026/09/21 20:14:04.330, 596.74 W, 600.00 W, 2625 MHz, 78, 31824 MiB
2026/09/21 20:14:05.331, 601.74 W, 600.00 W, 2595 MHz, 81, 31824 MiB
2026/09/21 20:14:06.331, 595.53 W, 600.00 W, 2587 MHz, 81, 31824 MiB
2026/09/21 20:14:07.332, 606.13 W, 600.00 W, 2602 MHz, 81, 31824 MiB
2026/09/21 20:14:08.332, 598.84 W, 600.00 W, 2632 MHz, 81, 31824 MiB
2026/09/21 20:14:09.333, 602.52 W, 600.00 W, 2602 MHz, 81, 31824 MiB
2026/09/21 20:14:10.334, 600.61 W, 600.00 W, 2587 MHz, 81, 31824 MiB
2026/09/21 20:14:11.334, 590.70 W, 600.00 W, 2580 MHz, 80, 31824 MiB
2026/09/21 20:14:12.335, 602.79 W, 600.00 W, 2550 MHz, 81, 31824 MiB
2026/09/21 20:14:13.336, 600.08 W, 600.00 W, 2565 MHz, 81, 31824 MiB
2026/09/21 20:14:14.336, 599.26 W, 600.00 W, 2565 MHz, 81, 31824 MiB
2026/09/21 20:14:15.337, 602.30 W, 600.00 W, 2565 MHz, 81, 31824 MiB
2026/09/21 20:14:16.338, 599.68 W, 600.00 W, 2550 MHz, 81, 31824 MiB
2026/09/21 20:14:17.338, 595.95 W, 600.00 W, 2557 MHz, 81, 31824 MiB
2026/09/21 20:14:18.339, 602.20 W, 600.00 W, 2557 MHz, 81, 31824 MiB
2026/09/21 20:14:19.340, 594.09 W, 600.00 W, 2572 MHz, 81, 31824 MiB
2026/09/21 20:14:20.341, 599.43 W, 600.00 W, 2535 MHz, 81, 31824 MiB
2026/09/21 20:14:21.341, 595.10 W, 600.00 W, 2527 MHz, 81, 31824 MiB
2026/09/21 20:14:22.342, 598.75 W, 600.00 W, 2542 MHz, 81, 31824 MiB
2026/09/21 20:14:23.343, 601.10 W, 600.00 W, 2542 MHz, 81, 31824 MiB
2026/09/21 20:14:24.343, 600.58 W, 600.00 W, 2565 MHz, 81, 31824 MiB
2026/09/21 20:14:25.344, 601.33 W, 600.00 W, 2602 MHz, 81, 31824 MiB
2026/09/21 20:14:26.345, 598.10 W, 600.00 W, 2632 MHz, 81, 31824 MiB
2026/09/21 20:14:27.346, 597.17 W, 600.00 W, 2580 MHz, 81, 31824 MiB
2026/09/21 20:14:28.346, 598.11 W, 600.00 W, 2580 MHz, 81, 31824 MiB
2026/09/21 20:14:29.347, 604.26 W, 600.00 W, 2617 MHz, 80, 31824 MiB
2026/09/21 20:14:30.348, 593.59 W, 600.00 W, 2587 MHz, 81, 31824 MiB
2026/09/21 20:14:31.348, 596.02 W, 600.00 W, 2535 MHz, 81, 31824 MiB
2026/09/21 20:14:32.349, 602.91 W, 600.00 W, 2602 MHz, 81, 31824 MiB
2026/09/21 20:14:33.349, 586.44 W, 600.00 W, 2557 MHz, 81, 31824 MiB
2026/09/21 20:14:34.350, 601.74 W, 600.00 W, 2550 MHz, 81, 31824 MiB
2026/09/21 20:14:35.351, 602.84 W, 600.00 W, 2557 MHz, 79, 31824 MiB
2026/09/21 20:14:36.351, 598.75 W, 600.00 W, 2557 MHz, 81, 31824 MiB
2026/09/21 20:14:37.352, 601.65 W, 600.00 W, 2557 MHz, 81, 31824 MiB
2026/09/21 20:14:38.353, 595.36 W, 600.00 W, 2602 MHz, 81, 31824 MiB
2026/09/21 20:14:39.353, 599.23 W, 600.00 W, 2587 MHz, 82, 31824 MiB
2026/09/21 20:14:40.354, 595.11 W, 600.00 W, 2617 MHz, 76, 31824 MiB
2026/09/21 20:14:41.355, 593.37 W, 600.00 W, 2527 MHz, 81, 31824 MiB
2026/09/21 20:14:42.355, 599.61 W, 600.00 W, 2617 MHz, 81, 31824 MiB
2026/09/21 20:14:43.356, 591.39 W, 600.00 W, 2572 MHz, 81, 31824 MiB
2026/09/21 20:14:44.356, 595.11 W, 600.00 W, 2587 MHz, 75, 31824 MiB
2026/09/21 20:14:45.357, 590.67 W, 600.00 W, 2535 MHz, 81, 31824 MiB
2026/09/21 20:14:46.358, 599.05 W, 600.00 W, 2610 MHz, 81, 31824 MiB
2026/09/21 20:14:47.358, 593.33 W, 600.00 W, 2587 MHz, 82, 31824 MiB
2026/09/21 20:14:48.359, 599.24 W, 600.00 W, 2580 MHz, 81, 31824 MiB
2026/09/21 20:14:49.360, 600.20 W, 600.00 W, 2602 MHz, 81, 31824 MiB
2026/09/21 20:14:50.360, 593.35 W, 600.00 W, 2580 MHz, 81, 31824 MiB
2026/09/21 20:14:51.361, 598.05 W, 600.00 W, 2557 MHz, 80, 31824 MiB
2026/09/21 20:14:52.362, 602.94 W, 600.00 W, 2580 MHz, 81, 31824 MiB
2026/09/21 20:14:53.362, 597.21 W, 600.00 W, 2572 MHz, 81, 31824 MiB
2026/09/21 20:14:54.363, 602.36 W, 600.00 W, 2580 MHz, 81, 31824 MiB
2026/09/21 20:14:55.363, 601.16 W, 600.00 W, 2580 MHz, 81, 31824 MiB
2026/09/21 20:14:56.364, 595.57 W, 600.00 W, 2572 MHz, 82, 31824 MiB
2026/09/21 20:14:57.365, 604.03 W, 600.00 W, 2580 MHz, 81, 31824 MiB
2026/09/21 20:14:58.365, 594.76 W, 600.00 W, 2565 MHz, 79, 31824 MiB
2026/09/21 20:14:59.366, 585.61 W, 600.00 W, 2640 MHz, 79, 31824 MiB
2026/09/21 20:15:00.366, 600.22 W, 600.00 W, 2595 MHz, 81, 31824 MiB
2026/09/21 20:15:01.367, 592.97 W, 600.00 W, 2692 MHz, 78, 31824 MiB
2026/09/21 20:15:02.368, 578.65 W, 600.00 W, 2685 MHz, 82, 31824 MiB
2026/09/21 20:15:03.368, 565.96 W, 600.00 W, 2662 MHz, 75, 31824 MiB
2026/09/21 20:15:04.369, 576.42 W, 600.00 W, 2580 MHz, 81, 31824 MiB
2026/09/21 20:15:05.369, 604.83 W, 600.00 W, 2625 MHz, 81, 31824 MiB
2026/09/21 20:15:06.370, 597.95 W, 600.00 W, 2610 MHz, 82, 31824 MiB
2026/09/21 20:15:07.371, 491.21 W, 600.00 W, 2812 MHz, 74, 31824 MiB
2026/09/21 20:15:08.371, 479.42 W, 600.00 W, 2812 MHz, 73, 31824 MiB
2026/09/21 20:15:09.372, 478.91 W, 600.00 W, 2812 MHz, 74, 31824 MiB
2026/09/21 20:15:10.373, 464.81 W, 600.00 W, 2820 MHz, 74, 31824 MiB
2026/09/21 20:15:11.374, 470.08 W, 600.00 W, 2812 MHz, 74, 31824 MiB
2026/09/21 20:15:12.375, 478.08 W, 600.00 W, 2812 MHz, 74, 31824 MiB
2026/09/21 20:15:13.376, 125.19 W, 600.00 W, 2880 MHz, 66, 31824 MiB
2026/09/21 20:15:14.376, 463.45 W, 600.00 W, 2722 MHz, 78, 31824 MiB
2026/09/21 20:15:15.377, 600.55 W, 600.00 W, 2670 MHz, 79, 31824 MiB
2026/09/21 20:15:16.378, 599.48 W, 600.00 W, 2670 MHz, 80, 31824 MiB
2026/09/21 20:15:17.378, 599.24 W, 600.00 W, 2632 MHz, 79, 31824 MiB
2026/09/21 20:15:18.379, 599.03 W, 600.00 W, 2610 MHz, 79, 31824 MiB
2026/09/21 20:15:19.381, 601.13 W, 600.00 W, 2617 MHz, 78, 31824 MiB
2026/09/21 20:15:20.382, 597.53 W, 600.00 W, 2595 MHz, 77, 31824 MiB
2026/09/21 20:15:21.383, 599.00 W, 600.00 W, 2602 MHz, 78, 31824 MiB
2026/09/21 20:15:22.383, 604.53 W, 600.00 W, 2662 MHz, 81, 31824 MiB
2026/09/21 20:15:23.384, 598.79 W, 600.00 W, 2595 MHz, 79, 31824 MiB
2026/09/21 20:15:24.385, 604.08 W, 600.00 W, 2640 MHz, 80, 31824 MiB
2026/09/21 20:15:25.386, 597.66 W, 600.00 W, 2595 MHz, 78, 31824 MiB
2026/09/21 20:15:26.386, 599.50 W, 600.00 W, 2632 MHz, 81, 31824 MiB
2026/09/21 20:15:27.387, 599.29 W, 600.00 W, 2595 MHz, 81, 31824 MiB
2026/09/21 20:15:28.388, 602.21 W, 600.00 W, 2617 MHz, 79, 31824 MiB
2026/09/21 20:15:29.388, 599.40 W, 600.00 W, 2580 MHz, 81, 31824 MiB
2026/09/21 20:15:30.389, 600.51 W, 600.00 W, 2580 MHz, 81, 31824 MiB
2026/09/21 20:15:31.390, 602.28 W, 600.00 W, 2595 MHz, 81, 31824 MiB
2026/09/21 20:15:32.390, 598.70 W, 600.00 W, 2587 MHz, 79, 31824 MiB
2026/09/21 20:15:33.392, 597.69 W, 600.00 W, 2640 MHz, 81, 31824 MiB
2026/09/21 20:15:34.392, 600.75 W, 600.00 W, 2602 MHz, 80, 31824 MiB
2026/09/21 20:15:35.393, 598.98 W, 600.00 W, 2602 MHz, 78, 31824 MiB
2026/09/21 20:15:36.393, 598.64 W, 600.00 W, 2572 MHz, 80, 31824 MiB
2026/09/21 20:15:37.394, 600.26 W, 600.00 W, 2580 MHz, 81, 31824 MiB
2026/09/21 20:15:38.395, 599.45 W, 600.00 W, 2580 MHz, 78, 31824 MiB
2026/09/21 20:15:39.395, 601.56 W, 600.00 W, 2602 MHz, 81, 31824 MiB
2026/09/21 20:15:40.396, 598.66 W, 600.00 W, 2602 MHz, 81, 31824 MiB
2026/09/21 20:15:41.397, 599.09 W, 600.00 W, 2580 MHz, 80, 31824 MiB
2026/09/21 20:15:42.397, 604.36 W, 600.00 W, 2625 MHz, 81, 31824 MiB
2026/09/21 20:15:43.398, 598.14 W, 600.00 W, 2580 MHz, 78, 31824 MiB
2026/09/21 20:15:44.398, 608.89 W, 600.00 W, 2625 MHz, 81, 31824 MiB
2026/09/21 20:15:45.399, 596.82 W, 600.00 W, 2632 MHz, 81, 31824 MiB
2026/09/21 20:15:46.400, 594.28 W, 600.00 W, 2572 MHz, 81, 31824 MiB
2026/09/21 20:15:47.400, 599.47 W, 600.00 W, 2595 MHz, 81, 31824 MiB
2026/09/21 20:15:48.401, 601.18 W, 600.00 W, 2602 MHz, 81, 31824 MiB
2026/09/21 20:15:49.402, 596.60 W, 600.00 W, 2602 MHz, 81, 31824 MiB
2026/09/21 20:15:50.402, 591.10 W, 600.00 W, 2602 MHz, 81, 31824 MiB
2026/09/21 20:15:51.403, 609.58 W, 600.00 W, 2602 MHz, 81, 31824 MiB
2026/09/21 20:15:52.404, 600.62 W, 600.00 W, 2587 MHz, 76, 31824 MiB
2026/09/21 20:15:53.404, 597.09 W, 600.00 W, 2572 MHz, 81, 31824 MiB
2026/09/21 20:15:54.405, 591.57 W, 600.00 W, 2625 MHz, 83, 31824 MiB
2026/09/21 20:15:55.406, 602.51 W, 600.00 W, 2572 MHz, 81, 31824 MiB
2026/09/21 20:15:56.406, 598.43 W, 600.00 W, 2625 MHz, 81, 31824 MiB
2026/09/21 20:15:57.407, 599.34 W, 600.00 W, 2580 MHz, 81, 31824 MiB
2026/09/21 20:15:58.408, 594.58 W, 600.00 W, 2632 MHz, 81, 31824 MiB
2026/09/21 20:15:59.408, 600.59 W, 600.00 W, 2602 MHz, 81, 31824 MiB
2026/09/21 20:16:00.409, 603.00 W, 600.00 W, 2580 MHz, 77, 31824 MiB
2026/09/21 20:16:01.409, 599.00 W, 600.00 W, 2617 MHz, 81, 31824 MiB
2026/09/21 20:16:02.410, 596.35 W, 600.00 W, 2610 MHz, 81, 31824 MiB
2026/09/21 20:16:03.411, 601.52 W, 600.00 W, 2595 MHz, 81, 31824 MiB
2026/09/21 20:16:04.411, 600.72 W, 600.00 W, 2572 MHz, 81, 31824 MiB
2026/09/21 20:16:05.412, 604.51 W, 600.00 W, 2587 MHz, 81, 31824 MiB
2026/09/21 20:16:06.413, 602.26 W, 600.00 W, 2610 MHz, 79, 31824 MiB
2026/09/21 20:16:07.413, 600.10 W, 600.00 W, 2602 MHz, 79, 31824 MiB
2026/09/21 20:16:08.414, 601.88 W, 600.00 W, 2625 MHz, 76, 31824 MiB
2026/09/21 20:16:09.414, 599.67 W, 600.00 W, 2602 MHz, 76, 31824 MiB
2026/09/21 20:16:10.415, 600.08 W, 600.00 W, 2602 MHz, 76, 31824 MiB
2026/09/21 20:16:11.416, 603.75 W, 600.00 W, 2595 MHz, 81, 31824 MiB
2026/09/21 20:16:12.416, 598.99 W, 600.00 W, 2595 MHz, 81, 31824 MiB
2026/09/21 20:16:13.417, 601.53 W, 600.00 W, 2565 MHz, 81, 31824 MiB
2026/09/21 20:16:14.418, 598.89 W, 600.00 W, 2550 MHz, 77, 31824 MiB
2026/09/21 20:16:15.418, 601.03 W, 600.00 W, 2550 MHz, 79, 31824 MiB
2026/09/21 20:16:16.419, 600.15 W, 600.00 W, 2550 MHz, 79, 31824 MiB
2026/09/21 20:16:17.420, 603.37 W, 600.00 W, 2595 MHz, 81, 31824 MiB
2026/09/21 20:16:18.421, 599.52 W, 600.00 W, 2602 MHz, 81, 31824 MiB
2026/09/21 20:16:19.422, 595.41 W, 600.00 W, 2580 MHz, 81, 31824 MiB
2026/09/21 20:16:20.422, 598.22 W, 600.00 W, 2572 MHz, 78, 31824 MiB
2026/09/21 20:16:21.423, 601.99 W, 600.00 W, 2595 MHz, 81, 31824 MiB
2026/09/21 20:16:22.423, 602.30 W, 600.00 W, 2587 MHz, 81, 31824 MiB
2026/09/21 20:16:23.424, 598.42 W, 600.00 W, 2572 MHz, 82, 31824 MiB
2026/09/21 20:16:24.425, 599.77 W, 600.00 W, 2617 MHz, 81, 31824 MiB
2026/09/21 20:16:25.426, 599.51 W, 600.00 W, 2572 MHz, 81, 31824 MiB
2026/09/21 20:16:26.426, 597.41 W, 600.00 W, 2572 MHz, 77, 31824 MiB
2026/09/21 20:16:27.427, 601.72 W, 600.00 W, 2587 MHz, 81, 31824 MiB
2026/09/21 20:16:28.428, 603.35 W, 600.00 W, 2557 MHz, 81, 31824 MiB
2026/09/21 20:16:29.428, 602.02 W, 600.00 W, 2617 MHz, 81, 31824 MiB
2026/09/21 20:16:30.429, 596.00 W, 600.00 W, 2565 MHz, 80, 31824 MiB
2026/09/21 20:16:31.430, 600.53 W, 600.00 W, 2587 MHz, 81, 31824 MiB
2026/09/21 20:16:32.431, 602.09 W, 600.00 W, 2550 MHz, 80, 31824 MiB
2026/09/21 20:16:33.432, 600.69 W, 600.00 W, 2580 MHz, 81, 31824 MiB
2026/09/21 20:16:34.432, 600.04 W, 600.00 W, 2617 MHz, 81, 31824 MiB
2026/09/21 20:16:35.433, 593.57 W, 600.00 W, 2580 MHz, 82, 31824 MiB
2026/09/21 20:16:36.434, 598.77 W, 600.00 W, 2587 MHz, 81, 31824 MiB
2026/09/21 20:16:37.435, 605.82 W, 600.00 W, 2587 MHz, 76, 31824 MiB
2026/09/21 20:16:38.435, 594.02 W, 600.00 W, 2557 MHz, 82, 31824 MiB
2026/09/21 20:16:39.436, 599.50 W, 600.00 W, 2617 MHz, 81, 31824 MiB
2026/09/21 20:16:40.437, 600.86 W, 600.00 W, 2587 MHz, 81, 31824 MiB
2026/09/21 20:16:41.437, 600.32 W, 600.00 W, 2557 MHz, 77, 31824 MiB
2026/09/21 20:16:42.438, 589.01 W, 600.00 W, 2580 MHz, 81, 31824 MiB
2026/09/21 20:16:43.438, 597.24 W, 600.00 W, 2602 MHz, 81, 31824 MiB
2026/09/21 20:16:44.439, 602.25 W, 600.00 W, 2617 MHz, 81, 31824 MiB
2026/09/21 20:16:45.441, 604.90 W, 600.00 W, 2625 MHz, 81, 31824 MiB
2026/09/21 20:16:46.441, 598.75 W, 600.00 W, 2557 MHz, 75, 31824 MiB
2026/09/21 20:16:47.442, 597.21 W, 600.00 W, 2550 MHz, 82, 31824 MiB
2026/09/21 20:16:48.442, 598.06 W, 600.00 W, 2602 MHz, 82, 31824 MiB
2026/09/21 20:16:49.443, 596.52 W, 600.00 W, 2595 MHz, 81, 31824 MiB
2026/09/21 20:16:50.444, 601.09 W, 600.00 W, 2602 MHz, 81, 31824 MiB
2026/09/21 20:16:51.444, 597.72 W, 600.00 W, 2602 MHz, 81, 31824 MiB
2026/09/21 20:16:52.445, 599.78 W, 600.00 W, 2580 MHz, 81, 31824 MiB
2026/09/21 20:16:53.446, 605.46 W, 600.00 W, 2602 MHz, 81, 31824 MiB
2026/09/21 20:16:54.447, 598.29 W, 600.00 W, 2602 MHz, 81, 31824 MiB
2026/09/21 20:16:55.447, 605.38 W, 600.00 W, 2625 MHz, 81, 31824 MiB
2026/09/21 20:16:56.448, 600.25 W, 600.00 W, 2625 MHz, 81, 31824 MiB
2026/09/21 20:16:57.448, 591.56 W, 600.00 W, 2587 MHz, 80, 31824 MiB
2026/09/21 20:16:58.449, 603.89 W, 600.00 W, 2565 MHz, 78, 31824 MiB
2026/09/21 20:16:59.450, 599.86 W, 600.00 W, 2572 MHz, 80, 31824 MiB
2026/09/21 20:17:00.450, 600.62 W, 600.00 W, 2587 MHz, 81, 31824 MiB
2026/09/21 20:17:01.451, 598.09 W, 600.00 W, 2572 MHz, 81, 31824 MiB
2026/09/21 20:17:02.452, 599.97 W, 600.00 W, 2580 MHz, 81, 31824 MiB
2026/09/21 20:17:03.453, 598.69 W, 600.00 W, 2580 MHz, 81, 31824 MiB
2026/09/21 20:17:04.453, 601.62 W, 600.00 W, 2602 MHz, 81, 31824 MiB
2026/09/21 20:17:05.454, 599.18 W, 600.00 W, 2617 MHz, 81, 31824 MiB
2026/09/21 20:17:06.455, 596.00 W, 600.00 W, 2617 MHz, 81, 31824 MiB
2026/09/21 20:17:07.455, 595.85 W, 600.00 W, 2580 MHz, 82, 31824 MiB
2026/09/21 20:17:08.456, 591.43 W, 600.00 W, 2557 MHz, 82, 31824 MiB
2026/09/21 20:17:09.457, 598.69 W, 600.00 W, 2542 MHz, 78, 31824 MiB
2026/09/21 20:17:10.457, 601.65 W, 600.00 W, 2557 MHz, 80, 31824 MiB
2026/09/21 20:17:11.458, 600.77 W, 600.00 W, 2602 MHz, 81, 31824 MiB
2026/09/21 20:17:12.459, 597.79 W, 600.00 W, 2632 MHz, 81, 31824 MiB
2026/09/21 20:17:13.459, 602.61 W, 600.00 W, 2580 MHz, 81, 31824 MiB
2026/09/21 20:17:14.460, 590.96 W, 600.00 W, 2602 MHz, 82, 31824 MiB
2026/09/21 20:17:15.460, 594.64 W, 600.00 W, 2565 MHz, 82, 31824 MiB
2026/09/21 20:17:16.461, 601.50 W, 600.00 W, 2557 MHz, 81, 31824 MiB
2026/09/21 20:17:17.462, 599.83 W, 600.00 W, 2625 MHz, 81, 31824 MiB
2026/09/21 20:17:18.462, 599.01 W, 600.00 W, 2617 MHz, 81, 31824 MiB
2026/09/21 20:17:19.463, 588.99 W, 600.00 W, 2557 MHz, 81, 31824 MiB
2026/09/21 20:17:20.464, 596.74 W, 600.00 W, 2542 MHz, 82, 31824 MiB
2026/09/21 20:17:21.464, 602.08 W, 600.00 W, 2587 MHz, 81, 31824 MiB
2026/09/21 20:17:22.465, 597.68 W, 600.00 W, 2572 MHz, 81, 31824 MiB
2026/09/21 20:17:23.466, 601.34 W, 600.00 W, 2587 MHz, 79, 31824 MiB
2026/09/21 20:17:24.466, 594.24 W, 600.00 W, 2542 MHz, 77, 31824 MiB
2026/09/21 20:17:25.467, 601.36 W, 600.00 W, 2587 MHz, 81, 31824 MiB
2026/09/21 20:17:26.468, 595.34 W, 600.00 W, 2617 MHz, 82, 31824 MiB
2026/09/21 20:17:27.469, 597.63 W, 600.00 W, 2587 MHz, 81, 31824 MiB
2026/09/21 20:17:28.469, 592.58 W, 600.00 W, 2542 MHz, 79, 31824 MiB
2026/09/21 20:17:29.470, 602.97 W, 600.00 W, 2625 MHz, 81, 31824 MiB
2026/09/21 20:17:30.470, 590.50 W, 600.00 W, 2565 MHz, 81, 31824 MiB
2026/09/21 20:17:31.471, 603.88 W, 600.00 W, 2550 MHz, 81, 31824 MiB
2026/09/21 20:17:32.472, 600.12 W, 600.00 W, 2587 MHz, 81, 31824 MiB
2026/09/21 20:17:33.472, 597.59 W, 600.00 W, 2572 MHz, 81, 31824 MiB
2026/09/21 20:17:34.473, 601.78 W, 600.00 W, 2580 MHz, 81, 31824 MiB
2026/09/21 20:17:35.474, 595.04 W, 600.00 W, 2542 MHz, 81, 31824 MiB
2026/09/21 20:17:36.474, 596.75 W, 600.00 W, 2617 MHz, 81, 31824 MiB
2026/09/21 20:17:37.475, 593.79 W, 600.00 W, 2617 MHz, 80, 31824 MiB
2026/09/21 20:17:38.476, 588.26 W, 600.00 W, 2542 MHz, 76, 31824 MiB
2026/09/21 20:17:39.476, 599.79 W, 600.00 W, 2625 MHz, 81, 31824 MiB
2026/09/21 20:17:40.477, 594.98 W, 600.00 W, 2617 MHz, 81, 31824 MiB
2026/09/21 20:17:41.478, 583.56 W, 600.00 W, 2535 MHz, 82, 31824 MiB
2026/09/21 20:17:42.478, 605.31 W, 600.00 W, 2550 MHz, 81, 31824 MiB
2026/09/21 20:17:43.479, 601.26 W, 600.00 W, 2550 MHz, 81, 31824 MiB
2026/09/21 20:17:44.479, 602.10 W, 600.00 W, 2557 MHz, 81, 31824 MiB
2026/09/21 20:17:45.481, 599.67 W, 600.00 W, 2550 MHz, 79, 31824 MiB
2026/09/21 20:17:46.481, 586.70 W, 600.00 W, 2662 MHz, 77, 31824 MiB
2026/09/21 20:17:47.482, 576.90 W, 600.00 W, 2685 MHz, 82, 31824 MiB
2026/09/21 20:17:48.483, 566.18 W, 600.00 W, 2662 MHz, 79, 31824 MiB
2026/09/21 20:17:49.483, 585.22 W, 600.00 W, 2625 MHz, 81, 31824 MiB
2026/09/21 20:17:50.484, 605.44 W, 600.00 W, 2595 MHz, 81, 31824 MiB
2026/09/21 20:17:51.484, 580.34 W, 600.00 W, 2760 MHz, 74, 31824 MiB
2026/09/21 20:17:52.485, 479.10 W, 600.00 W, 2812 MHz, 74, 31824 MiB
2026/09/21 20:17:53.486, 459.00 W, 600.00 W, 2812 MHz, 74, 31824 MiB
2026/09/21 20:17:54.487, 478.75 W, 600.00 W, 2812 MHz, 74, 31824 MiB
2026/09/21 20:17:55.488, 478.75 W, 600.00 W, 2812 MHz, 74, 31824 MiB
2026/09/21 20:17:56.489, 452.58 W, 600.00 W, 2842 MHz, 67, 31824 MiB
