2026/09/22 07:13:15.053, 64.90 W, 2542 MHz
2026/09/22 07:13:16.059, 65.09 W, 2542 MHz
2026/09/22 07:13:17.059, 73.65 W, 2542 MHz
2026/09/22 07:13:18.059, 123.54 W, 2647 MHz
2026/09/22 07:13:19.059, 90.03 W, 2902 MHz
2026/09/22 07:13:20.059, 333.77 W, 2895 MHz
2026/09/22 07:13:21.059, 352.82 W, 2895 MHz
2026/09/22 07:13:22.060, 353.61 W, 2895 MHz
2026/09/22 07:13:23.060, 368.55 W, 2842 MHz
2026/09/22 07:13:24.060, 354.21 W, 2887 MHz
2026/09/22 07:13:25.060, 354.26 W, 2887 MHz
2026/09/22 07:13:26.060, 354.31 W, 2887 MHz
2026/09/22 07:13:27.060, 184.13 W, 2902 MHz
2026/09/22 07:13:28.061, 376.31 W, 2872 MHz
2026/09/22 07:13:29.061, 305.41 W, 2880 MHz
2026/09/22 07:13:30.061, 412.44 W, 2880 MHz
2026/09/22 07:13:31.061, 414.56 W, 2880 MHz
2026/09/22 07:13:32.061, 321.44 W, 2895 MHz
2026/09/22 07:13:33.062, 184.58 W, 2857 MHz
2026/09/22 07:13:34.062, 454.13 W, 2752 MHz
2026/09/22 07:13:35.062, 362.63 W, 2887 MHz
2026/09/22 07:13:36.062, 363.09 W, 2887 MHz
2026/09/22 07:13:37.062, 363.15 W, 2887 MHz
2026/09/22 07:13:38.063, 464.38 W, 2542 MHz
2026/09/22 07:13:39.063, 385.69 W, 2887 MHz
2026/09/22 07:13:40.063, 364.97 W, 2887 MHz
2026/09/22 07:13:41.063, 365.04 W, 2887 MHz
2026/09/22 07:13:42.063, 420.69 W, 2572 MHz
2026/09/22 07:13:43.063, 480.06 W, 2565 MHz
2026/09/22 07:13:44.063, 480.02 W, 2550 MHz
2026/09/22 07:13:45.064, 479.97 W, 2542 MHz
2026/09/22 07:13:46.064, 479.93 W, 2550 MHz
2026/09/22 07:13:47.064, 479.99 W, 2542 MHz
2026/09/22 07:13:48.064, 480.04 W, 2542 MHz
2026/09/22 07:13:49.064, 460.40 W, 2865 MHz
2026/09/22 07:13:50.065, 437.49 W, 2865 MHz
2026/09/22 07:13:51.065, 438.76 W, 2865 MHz
2026/09/22 07:13:52.065, 392.92 W, 2880 MHz
2026/09/22 07:13:53.065, 336.88 W, 2580 MHz
2026/09/22 07:13:54.065, 480.14 W, 2520 MHz
2026/09/22 07:13:55.065, 394.54 W, 2880 MHz
2026/09/22 07:13:56.066, 374.45 W, 2880 MHz
2026/09/22 07:13:57.066, 373.99 W, 2880 MHz
2026/09/22 07:13:58.066, 478.80 W, 2550 MHz
2026/09/22 07:13:59.066, 457.10 W, 2715 MHz
2026/09/22 07:14:00.066, 375.03 W, 2880 MHz
2026/09/22 07:14:01.066, 375.79 W, 2880 MHz
2026/09/22 07:14:02.067, 375.60 W, 2880 MHz
2026/09/22 07:14:03.067, 415.33 W, 2550 MHz
2026/09/22 07:14:04.067, 479.97 W, 2542 MHz
2026/09/22 07:14:05.067, 479.88 W, 2550 MHz
2026/09/22 07:14:06.067, 480.00 W, 2535 MHz
2026/09/22 07:14:07.068, 480.07 W, 2505 MHz
2026/09/22 07:14:08.068, 479.92 W, 2490 MHz
2026/09/22 07:14:09.068, 479.92 W, 2490 MHz
2026/09/22 07:14:10.068, 480.02 W, 2520 MHz
2026/09/22 07:14:11.068, 480.05 W, 2527 MHz
2026/09/22 07:14:12.068, 479.88 W, 2535 MHz
2026/09/22 07:14:13.069, 480.26 W, 2542 MHz
2026/09/22 07:14:14.069, 480.51 W, 2557 MHz
2026/09/22 07:14:15.070, 480.52 W, 2542 MHz
2026/09/22 07:14:16.070, 480.01 W, 2535 MHz
2026/09/22 07:14:17.070, 480.04 W, 2497 MHz
2026/09/22 07:14:18.071, 462.07 W, 2835 MHz
2026/09/22 07:14:19.071, 457.84 W, 2835 MHz
2026/09/22 07:14:20.071, 457.59 W, 2835 MHz
2026/09/22 07:14:21.071, 349.90 W, 2887 MHz
2026/09/22 07:14:22.072, 259.03 W, 2625 MHz
2026/09/22 07:14:23.072, 480.61 W, 2467 MHz
2026/09/22 07:14:24.072, 479.64 W, 2505 MHz
2026/09/22 07:14:25.072, 479.76 W, 2527 MHz
2026/09/22 07:14:26.072, 453.06 W, 2812 MHz
2026/09/22 07:14:27.072, 386.68 W, 2865 MHz
2026/09/22 07:14:28.073, 386.39 W, 2865 MHz
2026/09/22 07:14:29.073, 365.12 W, 2865 MHz
2026/09/22 07:14:30.073, 494.76 W, 2565 MHz
2026/09/22 07:14:31.073, 479.79 W, 2520 MHz
2026/09/22 07:14:32.073, 480.17 W, 2520 MHz
2026/09/22 07:14:33.073, 479.20 W, 2520 MHz
2026/09/22 07:14:34.074, 393.47 W, 2865 MHz
2026/09/22 07:14:35.074, 387.59 W, 2865 MHz
2026/09/22 07:14:36.074, 388.64 W, 2865 MHz
2026/09/22 07:14:37.074, 381.08 W, 2580 MHz
2026/09/22 07:14:38.074, 480.18 W, 2452 MHz
2026/09/22 07:14:39.074, 479.95 W, 2475 MHz
2026/09/22 07:14:40.075, 480.24 W, 2512 MHz
2026/09/22 07:14:41.075, 479.99 W, 2505 MHz
2026/09/22 07:14:42.075, 480.36 W, 2527 MHz
2026/09/22 07:14:43.075, 479.97 W, 2460 MHz
2026/09/22 07:14:44.075, 479.49 W, 2497 MHz
2026/09/22 07:14:45.076, 480.59 W, 2512 MHz
2026/09/22 07:14:46.076, 480.06 W, 2520 MHz
2026/09/22 07:14:47.076, 480.00 W, 2520 MHz
2026/09/22 07:14:48.076, 479.55 W, 2452 MHz
2026/09/22 07:14:49.076, 480.39 W, 2490 MHz
2026/09/22 07:14:50.076, 478.87 W, 2557 MHz
2026/09/22 07:14:51.077, 480.15 W, 2512 MHz
2026/09/22 07:14:52.077, 479.83 W, 2520 MHz
2026/09/22 07:14:53.077, 480.22 W, 2452 MHz
2026/09/22 07:14:54.077, 479.71 W, 2512 MHz
2026/09/22 07:14:55.077, 479.57 W, 2535 MHz
2026/09/22 07:14:56.077, 480.04 W, 2490 MHz
2026/09/22 07:14:57.078, 479.74 W, 2482 MHz
2026/09/22 07:14:58.078, 480.35 W, 2497 MHz
2026/09/22 07:14:59.078, 480.05 W, 2497 MHz
2026/09/22 07:15:00.078, 479.49 W, 2512 MHz
2026/09/22 07:15:01.078, 479.80 W, 2452 MHz
2026/09/22 07:15:02.078, 478.41 W, 2490 MHz
2026/09/22 07:15:03.079, 465.41 W, 2820 MHz
2026/09/22 07:15:04.079, 465.90 W, 2820 MHz
2026/09/22 07:15:05.079, 465.85 W, 2820 MHz
2026/09/22 07:15:06.079, 492.95 W, 2520 MHz
2026/09/22 07:15:07.079, 480.17 W, 2512 MHz
2026/09/22 07:15:08.079, 479.90 W, 2452 MHz
2026/09/22 07:15:09.080, 480.19 W, 2505 MHz
2026/09/22 07:15:10.080, 480.20 W, 2527 MHz
2026/09/22 07:15:11.080, 480.12 W, 2490 MHz
2026/09/22 07:15:12.080, 479.97 W, 2520 MHz
2026/09/22 07:15:13.080, 479.87 W, 2437 MHz
2026/09/22 07:15:14.080, 474.94 W, 2497 MHz
2026/09/22 07:15:15.081, 429.19 W, 2857 MHz
2026/09/22 07:15:16.081, 421.12 W, 2857 MHz
2026/09/22 07:15:17.081, 420.38 W, 2857 MHz
2026/09/22 07:15:18.081, 160.33 W, 2887 MHz
2026/09/22 07:15:19.081, 417.51 W, 2505 MHz
2026/09/22 07:15:20.082, 479.97 W, 2505 MHz
2026/09/22 07:15:21.082, 479.83 W, 2445 MHz
2026/09/22 07:15:22.082, 480.09 W, 2460 MHz
2026/09/22 07:15:23.082, 479.87 W, 2460 MHz
2026/09/22 07:15:24.082, 479.90 W, 2437 MHz
2026/09/22 07:15:25.082, 479.95 W, 2497 MHz
2026/09/22 07:15:26.083, 479.78 W, 2445 MHz
2026/09/22 07:15:27.083, 479.96 W, 2490 MHz
2026/09/22 07:15:28.083, 480.56 W, 2460 MHz
2026/09/22 07:15:29.083, 453.55 W, 2857 MHz
2026/09/22 07:15:30.083, 403.25 W, 2857 MHz
2026/09/22 07:15:31.083, 403.55 W, 2857 MHz
2026/09/22 07:15:32.084, 405.43 W, 2572 MHz
2026/09/22 07:15:33.084, 480.75 W, 2437 MHz
2026/09/22 07:15:34.084, 479.77 W, 2460 MHz
2026/09/22 07:15:35.084, 480.17 W, 2512 MHz
2026/09/22 07:15:36.084, 479.97 W, 2497 MHz
2026/09/22 07:15:37.085, 480.05 W, 2460 MHz
2026/09/22 07:15:38.085, 479.58 W, 2437 MHz
2026/09/22 07:15:39.085, 479.68 W, 2430 MHz
2026/09/22 07:15:40.085, 480.40 W, 2430 MHz
2026/09/22 07:15:41.085, 479.95 W, 2415 MHz
2026/09/22 07:15:42.085, 479.91 W, 2467 MHz
2026/09/22 07:15:43.085, 408.97 W, 2857 MHz
2026/09/22 07:15:44.086, 403.38 W, 2857 MHz
2026/09/22 07:15:45.086, 403.33 W, 2857 MHz
2026/09/22 07:15:46.086, 369.55 W, 2535 MHz
2026/09/22 07:15:47.086, 480.11 W, 2475 MHz
2026/09/22 07:15:48.086, 479.70 W, 2430 MHz
2026/09/22 07:15:49.086, 479.84 W, 2482 MHz
2026/09/22 07:15:50.087, 480.02 W, 2482 MHz
2026/09/22 07:15:51.087, 479.92 W, 2437 MHz
2026/09/22 07:15:52.087, 480.34 W, 2460 MHz
2026/09/22 07:15:53.087, 479.47 W, 2437 MHz
2026/09/22 07:15:54.087, 480.66 W, 2467 MHz
2026/09/22 07:15:55.087, 480.33 W, 2445 MHz
2026/09/22 07:15:56.088, 479.48 W, 2490 MHz
2026/09/22 07:15:57.088, 480.43 W, 2557 MHz
2026/09/22 07:15:58.088, 480.97 W, 2452 MHz
2026/09/22 07:15:59.088, 479.60 W, 2467 MHz
2026/09/22 07:16:00.088, 480.25 W, 2505 MHz
2026/09/22 07:16:01.089, 479.88 W, 2467 MHz
2026/09/22 07:16:02.089, 480.15 W, 2490 MHz
2026/09/22 07:16:03.089, 480.17 W, 2482 MHz
2026/09/22 07:16:04.089, 479.34 W, 2460 MHz
2026/09/22 07:16:05.089, 480.31 W, 2490 MHz
2026/09/22 07:16:06.089, 479.59 W, 2475 MHz
2026/09/22 07:16:07.090, 479.51 W, 2482 MHz
2026/09/22 07:16:08.090, 480.24 W, 2512 MHz
2026/09/22 07:16:09.091, 480.33 W, 2527 MHz
2026/09/22 07:16:10.091, 480.08 W, 2512 MHz
2026/09/22 07:16:11.091, 479.54 W, 2490 MHz
2026/09/22 07:16:12.091, 479.72 W, 2437 MHz
2026/09/22 07:16:13.091, 480.75 W, 2505 MHz
2026/09/22 07:16:14.092, 479.33 W, 2445 MHz
2026/09/22 07:16:15.092, 480.63 W, 2482 MHz
2026/09/22 07:16:16.092, 479.67 W, 2445 MHz
2026/09/22 07:16:17.092, 479.77 W, 2490 MHz
2026/09/22 07:16:18.092, 480.73 W, 2452 MHz
2026/09/22 07:16:19.093, 463.14 W, 2820 MHz
2026/09/22 07:16:20.093, 457.45 W, 2820 MHz
2026/09/22 07:16:21.093, 457.26 W, 2820 MHz
2026/09/22 07:16:22.093, 481.90 W, 2602 MHz
2026/09/22 07:16:23.093, 481.22 W, 2452 MHz
2026/09/22 07:16:24.093, 480.07 W, 2505 MHz
2026/09/22 07:16:25.094, 480.00 W, 2490 MHz
2026/09/22 07:16:26.094, 479.96 W, 2467 MHz
2026/09/22 07:16:27.094, 479.77 W, 2505 MHz
2026/09/22 07:16:28.094, 479.69 W, 2482 MHz
2026/09/22 07:16:29.094, 480.66 W, 2460 MHz
2026/09/22 07:16:30.094, 479.08 W, 2467 MHz
2026/09/22 07:16:31.095, 480.95 W, 2460 MHz
2026/09/22 07:16:32.095, 480.08 W, 2437 MHz
2026/09/22 07:16:33.095, 435.10 W, 2857 MHz
2026/09/22 07:16:34.095, 406.05 W, 2857 MHz
2026/09/22 07:16:35.095, 405.66 W, 2857 MHz
2026/09/22 07:16:36.096, 299.55 W, 2880 MHz
2026/09/22 07:16:37.096, 103.22 W, 2887 MHz
2026/09/22 07:16:38.096, 438.88 W, 2497 MHz
2026/09/22 07:16:39.096, 479.91 W, 2482 MHz
2026/09/22 07:16:40.096, 480.10 W, 2460 MHz
2026/09/22 07:16:41.097, 479.34 W, 2452 MHz
2026/09/22 07:16:42.097, 480.73 W, 2460 MHz
2026/09/22 07:16:43.097, 480.03 W, 2430 MHz
2026/09/22 07:16:44.097, 480.11 W, 2482 MHz
2026/09/22 07:16:45.097, 479.86 W, 2430 MHz
2026/09/22 07:16:46.097, 480.07 W, 2482 MHz
2026/09/22 07:16:47.098, 479.67 W, 2437 MHz
2026/09/22 07:16:48.098, 478.97 W, 2490 MHz
2026/09/22 07:16:49.098, 479.72 W, 2437 MHz
2026/09/22 07:16:50.098, 479.97 W, 2445 MHz
2026/09/22 07:16:51.098, 480.53 W, 2467 MHz
2026/09/22 07:16:52.098, 479.84 W, 2445 MHz
2026/09/22 07:16:53.099, 480.03 W, 2475 MHz
2026/09/22 07:16:54.099, 481.29 W, 2437 MHz
2026/09/22 07:16:55.099, 481.05 W, 2497 MHz
2026/09/22 07:16:56.099, 480.32 W, 2475 MHz
2026/09/22 07:16:57.099, 479.12 W, 2437 MHz
2026/09/22 07:16:58.099, 479.82 W, 2512 MHz
2026/09/22 07:16:59.100, 479.47 W, 2467 MHz
2026/09/22 07:17:00.100, 480.25 W, 2437 MHz
2026/09/22 07:17:01.100, 481.29 W, 2475 MHz
2026/09/22 07:17:02.100, 478.34 W, 2475 MHz
2026/09/22 07:17:03.100, 477.34 W, 2467 MHz
2026/09/22 07:17:04.101, 479.71 W, 2445 MHz
2026/09/22 07:17:05.101, 479.56 W, 2460 MHz
2026/09/22 07:17:06.101, 481.00 W, 2445 MHz
2026/09/22 07:17:07.101, 480.19 W, 2535 MHz
2026/09/22 07:17:08.101, 438.27 W, 2835 MHz
2026/09/22 07:17:09.102, 422.05 W, 2835 MHz
2026/09/22 07:17:10.102, 422.10 W, 2835 MHz
2026/09/22 07:17:11.102, 331.24 W, 2880 MHz
2026/09/22 07:17:12.102, 491.25 W, 2527 MHz
2026/09/22 07:17:13.102, 479.95 W, 2512 MHz
2026/09/22 07:17:14.102, 479.58 W, 2475 MHz
2026/09/22 07:17:15.103, 479.59 W, 2430 MHz
2026/09/22 07:17:16.103, 480.29 W, 2490 MHz
2026/09/22 07:17:17.103, 480.24 W, 2460 MHz
2026/09/22 07:17:18.103, 479.29 W, 2475 MHz
2026/09/22 07:17:19.103, 480.43 W, 2497 MHz
2026/09/22 07:17:20.104, 479.84 W, 2460 MHz
2026/09/22 07:17:21.104, 479.60 W, 2460 MHz
2026/09/22 07:17:22.104, 480.01 W, 2467 MHz
2026/09/22 07:17:23.104, 479.69 W, 2437 MHz
2026/09/22 07:17:24.104, 481.47 W, 2445 MHz
2026/09/22 07:17:25.104, 479.26 W, 2445 MHz
2026/09/22 07:17:26.105, 479.76 W, 2475 MHz
2026/09/22 07:17:27.105, 479.10 W, 2482 MHz
2026/09/22 07:17:28.105, 480.33 W, 2445 MHz
2026/09/22 07:17:29.105, 477.91 W, 2475 MHz
2026/09/22 07:17:30.105, 479.68 W, 2475 MHz
2026/09/22 07:17:31.106, 480.32 W, 2422 MHz
2026/09/22 07:17:32.106, 477.69 W, 2467 MHz
2026/09/22 07:17:33.106, 479.94 W, 2437 MHz
2026/09/22 07:17:34.106, 481.78 W, 2452 MHz
2026/09/22 07:17:35.106, 477.56 W, 2475 MHz
2026/09/22 07:17:36.107, 480.23 W, 2467 MHz
2026/09/22 07:17:37.107, 477.56 W, 2437 MHz
2026/09/22 07:17:38.107, 477.46 W, 2437 MHz
2026/09/22 07:17:39.107, 482.40 W, 2445 MHz
2026/09/22 07:17:40.107, 480.98 W, 2460 MHz
2026/09/22 07:17:41.107, 480.34 W, 2527 MHz
2026/09/22 07:17:42.108, 427.37 W, 2835 MHz
2026/09/22 07:17:43.108, 422.59 W, 2835 MHz
2026/09/22 07:17:44.108, 422.43 W, 2835 MHz
2026/09/22 07:17:45.108, 290.27 W, 2880 MHz
2026/09/22 07:17:46.108, 472.66 W, 2535 MHz
2026/09/22 07:17:47.108, 480.35 W, 2505 MHz
2026/09/22 07:17:48.109, 479.67 W, 2497 MHz
2026/09/22 07:17:49.109, 479.74 W, 2415 MHz
2026/09/22 07:17:50.109, 480.48 W, 2505 MHz
2026/09/22 07:17:51.109, 479.72 W, 2460 MHz
2026/09/22 07:17:52.109, 479.55 W, 2467 MHz
2026/09/22 07:17:53.109, 480.39 W, 2467 MHz
2026/09/22 07:17:54.110, 478.55 W, 2475 MHz
2026/09/22 07:17:55.110, 479.91 W, 2452 MHz
2026/09/22 07:17:56.110, 479.96 W, 2482 MHz
2026/09/22 07:17:57.110, 479.80 W, 2430 MHz
2026/09/22 07:17:58.110, 479.92 W, 2430 MHz
2026/09/22 07:17:59.111, 478.30 W, 2460 MHz
2026/09/22 07:18:00.111, 481.58 W, 2452 MHz
2026/09/22 07:18:01.111, 480.15 W, 2475 MHz
2026/09/22 07:18:02.111, 479.81 W, 2437 MHz
2026/09/22 07:18:03.111, 480.10 W, 2475 MHz
2026/09/22 07:18:04.111, 480.04 W, 2437 MHz
2026/09/22 07:18:05.112, 478.45 W, 2430 MHz
2026/09/22 07:18:06.112, 479.88 W, 2475 MHz
2026/09/22 07:18:07.112, 479.64 W, 2460 MHz
2026/09/22 07:18:08.112, 481.98 W, 2430 MHz
2026/09/22 07:18:09.112, 480.08 W, 2490 MHz
2026/09/22 07:18:10.112, 480.00 W, 2482 MHz
2026/09/22 07:18:11.113, 479.99 W, 2467 MHz
2026/09/22 07:18:12.113, 481.46 W, 2452 MHz
2026/09/22 07:18:13.113, 481.78 W, 2430 MHz
2026/09/22 07:18:14.113, 477.76 W, 2460 MHz
2026/09/22 07:18:15.113, 479.65 W, 2452 MHz
2026/09/22 07:18:16.113, 478.45 W, 2497 MHz
2026/09/22 07:18:17.114, 479.70 W, 2580 MHz
2026/09/22 07:18:18.114, 480.55 W, 2505 MHz
2026/09/22 07:18:19.114, 479.47 W, 2550 MHz
2026/09/22 07:18:20.114, 481.17 W, 2490 MHz
2026/09/22 07:18:21.114, 479.11 W, 2422 MHz
2026/09/22 07:18:22.114, 480.96 W, 2497 MHz
2026/09/22 07:18:23.115, 479.94 W, 2430 MHz
2026/09/22 07:18:24.115, 479.46 W, 2490 MHz
2026/09/22 07:18:25.115, 479.95 W, 2430 MHz
2026/09/22 07:18:26.115, 479.49 W, 2482 MHz
2026/09/22 07:18:27.115, 480.43 W, 2437 MHz
2026/09/22 07:18:28.116, 479.89 W, 2437 MHz
2026/09/22 07:18:29.116, 479.56 W, 2467 MHz
2026/09/22 07:18:30.116, 478.78 W, 2467 MHz
2026/09/22 07:18:31.116, 479.82 W, 2467 MHz
2026/09/22 07:18:32.116, 479.87 W, 2437 MHz
2026/09/22 07:18:33.116, 478.54 W, 2482 MHz
2026/09/22 07:18:34.117, 480.66 W, 2475 MHz
2026/09/22 07:18:35.117, 480.23 W, 2437 MHz
2026/09/22 07:18:36.117, 479.22 W, 2445 MHz
2026/09/22 07:18:37.117, 479.85 W, 2482 MHz
2026/09/22 07:18:38.117, 479.45 W, 2437 MHz
2026/09/22 07:18:39.117, 480.15 W, 2475 MHz
2026/09/22 07:18:40.118, 479.78 W, 2482 MHz
2026/09/22 07:18:41.118, 481.23 W, 2445 MHz
2026/09/22 07:18:42.118, 480.41 W, 2460 MHz
2026/09/22 07:18:43.118, 480.02 W, 2482 MHz
2026/09/22 07:18:44.118, 480.58 W, 2452 MHz
2026/09/22 07:18:45.118, 479.64 W, 2422 MHz
2026/09/22 07:18:46.118, 477.74 W, 2452 MHz
2026/09/22 07:18:47.119, 482.82 W, 2490 MHz
2026/09/22 07:18:48.119, 471.36 W, 2797 MHz
2026/09/22 07:18:49.119, 461.12 W, 2805 MHz
2026/09/22 07:18:50.119, 461.71 W, 2805 MHz
2026/09/22 07:18:51.119, 461.67 W, 2805 MHz
2026/09/22 07:18:52.119, 274.99 W, 2880 MHz
2026/09/22 07:18:53.120, 103.41 W, 2880 MHz
2026/09/22 07:18:54.120, 166.96 W, 2580 MHz
2026/09/22 07:18:55.120, 486.01 W, 2497 MHz
2026/09/22 07:18:56.120, 479.33 W, 2520 MHz
2026/09/22 07:18:57.120, 480.59 W, 2445 MHz
2026/09/22 07:18:58.120, 479.60 W, 2430 MHz
2026/09/22 07:18:59.121, 478.51 W, 2467 MHz
2026/09/22 07:19:00.121, 481.26 W, 2490 MHz
2026/09/22 07:19:01.121, 479.89 W, 2467 MHz
2026/09/22 07:19:02.121, 479.23 W, 2482 MHz
2026/09/22 07:19:03.121, 479.66 W, 2475 MHz
2026/09/22 07:19:04.121, 481.04 W, 2475 MHz
2026/09/22 07:19:05.122, 478.83 W, 2475 MHz
2026/09/22 07:19:06.122, 480.02 W, 2430 MHz
2026/09/22 07:19:07.122, 479.22 W, 2467 MHz
2026/09/22 07:19:08.122, 478.37 W, 2430 MHz
2026/09/22 07:19:09.122, 480.66 W, 2482 MHz
2026/09/22 07:19:10.123, 480.05 W, 2437 MHz
2026/09/22 07:19:11.123, 479.99 W, 2430 MHz
2026/09/22 07:19:12.123, 480.05 W, 2437 MHz
2026/09/22 07:19:13.123, 481.30 W, 2460 MHz
2026/09/22 07:19:14.123, 478.24 W, 2452 MHz
2026/09/22 07:19:15.124, 482.52 W, 2430 MHz
2026/09/22 07:19:16.124, 481.80 W, 2482 MHz
2026/09/22 07:19:17.124, 478.80 W, 2437 MHz
2026/09/22 07:19:18.124, 479.24 W, 2460 MHz
2026/09/22 07:19:19.124, 480.05 W, 2467 MHz
2026/09/22 07:19:20.124, 479.94 W, 2422 MHz
2026/09/22 07:19:21.125, 480.02 W, 2422 MHz
2026/09/22 07:19:22.125, 478.90 W, 2437 MHz
2026/09/22 07:19:23.125, 479.33 W, 2467 MHz
2026/09/22 07:19:24.125, 480.94 W, 2437 MHz
2026/09/22 07:19:25.125, 480.60 W, 2460 MHz
2026/09/22 07:19:26.126, 482.22 W, 2482 MHz
2026/09/22 07:19:27.126, 479.03 W, 2460 MHz
2026/09/22 07:19:28.126, 480.29 W, 2437 MHz
2026/09/22 07:19:29.126, 479.56 W, 2445 MHz
2026/09/22 07:19:30.127, 479.97 W, 2467 MHz
2026/09/22 07:19:31.127, 479.14 W, 2452 MHz
2026/09/22 07:19:32.127, 480.31 W, 2430 MHz
2026/09/22 07:19:33.127, 482.82 W, 2460 MHz
2026/09/22 07:19:34.127, 479.85 W, 2460 MHz
2026/09/22 07:19:35.127, 482.24 W, 2460 MHz
2026/09/22 07:19:36.128, 480.17 W, 2430 MHz
2026/09/22 07:19:37.128, 482.95 W, 2460 MHz
2026/09/22 07:19:38.128, 479.19 W, 2430 MHz
2026/09/22 07:19:39.128, 477.37 W, 2460 MHz
2026/09/22 07:19:40.128, 482.85 W, 2430 MHz
2026/09/22 07:19:41.128, 479.85 W, 2430 MHz
2026/09/22 07:19:42.129, 480.15 W, 2437 MHz
2026/09/22 07:19:43.129, 480.00 W, 2482 MHz
2026/09/22 07:19:44.129, 479.64 W, 2452 MHz
2026/09/22 07:19:45.129, 479.50 W, 2437 MHz
2026/09/22 07:19:46.129, 479.95 W, 2460 MHz
2026/09/22 07:19:47.129, 479.66 W, 2422 MHz
2026/09/22 07:19:48.130, 480.18 W, 2452 MHz
2026/09/22 07:19:49.130, 478.99 W, 2430 MHz
2026/09/22 07:19:50.130, 479.58 W, 2437 MHz
2026/09/22 07:19:51.130, 477.98 W, 2460 MHz
2026/09/22 07:19:52.130, 479.95 W, 2415 MHz
2026/09/22 07:19:53.130, 480.04 W, 2467 MHz
2026/09/22 07:19:54.131, 477.49 W, 2445 MHz
2026/09/22 07:19:55.131, 482.50 W, 2415 MHz
2026/09/22 07:19:56.131, 482.24 W, 2475 MHz
2026/09/22 07:19:57.131, 478.11 W, 2430 MHz
2026/09/22 07:19:58.131, 479.62 W, 2452 MHz
2026/09/22 07:19:59.132, 482.64 W, 2415 MHz
2026/09/22 07:20:00.132, 484.38 W, 2437 MHz
2026/09/22 07:20:01.132, 480.13 W, 2452 MHz
2026/09/22 07:20:02.132, 479.79 W, 2452 MHz
2026/09/22 07:20:03.132, 480.09 W, 2467 MHz
2026/09/22 07:20:04.132, 480.44 W, 2467 MHz
2026/09/22 07:20:05.133, 475.37 W, 2437 MHz
2026/09/22 07:20:06.133, 480.83 W, 2430 MHz
2026/09/22 07:20:07.133, 477.15 W, 2445 MHz
2026/09/22 07:20:08.133, 479.40 W, 2430 MHz
2026/09/22 07:20:09.134, 475.73 W, 2467 MHz
2026/09/22 07:20:10.134, 480.81 W, 2437 MHz
2026/09/22 07:20:11.134, 480.23 W, 2445 MHz
2026/09/22 07:20:12.134, 480.40 W, 2445 MHz
2026/09/22 07:20:13.134, 479.98 W, 2475 MHz
2026/09/22 07:20:14.135, 480.16 W, 2445 MHz
2026/09/22 07:20:15.135, 479.86 W, 2445 MHz
2026/09/22 07:20:16.135, 480.42 W, 2415 MHz
2026/09/22 07:20:17.135, 483.52 W, 2400 MHz
2026/09/22 07:20:18.135, 475.31 W, 2430 MHz
2026/09/22 07:20:19.135, 485.16 W, 2482 MHz
2026/09/22 07:20:20.136, 479.39 W, 2460 MHz
2026/09/22 07:20:21.136, 479.94 W, 2407 MHz
2026/09/22 07:20:22.136, 479.14 W, 2400 MHz
2026/09/22 07:20:23.136, 485.67 W, 2445 MHz
2026/09/22 07:20:24.136, 479.97 W, 2452 MHz
2026/09/22 07:20:25.136, 479.86 W, 2392 MHz
2026/09/22 07:20:26.137, 479.61 W, 2437 MHz
2026/09/22 07:20:27.137, 479.89 W, 2497 MHz
2026/09/22 07:20:28.137, 479.83 W, 2392 MHz
2026/09/22 07:20:29.137, 476.02 W, 2565 MHz
2026/09/22 07:20:30.137, 465.39 W, 2805 MHz
2026/09/22 07:20:31.137, 446.32 W, 2805 MHz
2026/09/22 07:20:32.138, 445.13 W, 2805 MHz
2026/09/22 07:20:33.138, 445.20 W, 2805 MHz
2026/09/22 07:20:34.138, 294.19 W, 2880 MHz
2026/09/22 07:20:35.138, 417.79 W, 2490 MHz
2026/09/22 07:20:36.138, 479.76 W, 2497 MHz
2026/09/22 07:20:37.138, 479.60 W, 2422 MHz
2026/09/22 07:20:38.139, 479.89 W, 2475 MHz
2026/09/22 07:20:39.139, 479.70 W, 2422 MHz
2026/09/22 07:20:40.139, 479.49 W, 2422 MHz
2026/09/22 07:20:41.139, 480.35 W, 2505 MHz
2026/09/22 07:20:42.139, 480.80 W, 2430 MHz
2026/09/22 07:20:43.139, 480.92 W, 2490 MHz
2026/09/22 07:20:44.140, 480.22 W, 2422 MHz
2026/09/22 07:20:45.140, 478.86 W, 2460 MHz
2026/09/22 07:20:46.140, 480.55 W, 2422 MHz
2026/09/22 07:20:47.140, 479.70 W, 2467 MHz
2026/09/22 07:20:48.141, 478.97 W, 2460 MHz
2026/09/22 07:20:49.141, 480.69 W, 2430 MHz
2026/09/22 07:20:50.141, 477.95 W, 2460 MHz
2026/09/22 07:20:51.141, 478.28 W, 2460 MHz
2026/09/22 07:20:52.141, 480.25 W, 2460 MHz
2026/09/22 07:20:53.141, 481.83 W, 2490 MHz
2026/09/22 07:20:54.142, 480.94 W, 2422 MHz
2026/09/22 07:20:55.142, 478.39 W, 2460 MHz
2026/09/22 07:20:56.142, 480.01 W, 2460 MHz
2026/09/22 07:20:57.142, 479.57 W, 2467 MHz
2026/09/22 07:20:58.142, 478.39 W, 2430 MHz
2026/09/22 07:20:59.142, 478.65 W, 2422 MHz
2026/09/22 07:21:00.143, 478.19 W, 2422 MHz
2026/09/22 07:21:01.143, 479.86 W, 2430 MHz
2026/09/22 07:21:02.143, 481.86 W, 2445 MHz
2026/09/22 07:21:03.143, 480.21 W, 2475 MHz
2026/09/22 07:21:04.143, 479.37 W, 2415 MHz
2026/09/22 07:21:05.143, 477.77 W, 2422 MHz
2026/09/22 07:21:06.144, 480.07 W, 2422 MHz
2026/09/22 07:21:07.144, 479.55 W, 2467 MHz
2026/09/22 07:21:08.144, 479.81 W, 2415 MHz
2026/09/22 07:21:09.144, 479.96 W, 2467 MHz
2026/09/22 07:21:10.144, 477.63 W, 2430 MHz
2026/09/22 07:21:11.145, 480.98 W, 2460 MHz
2026/09/22 07:21:12.145, 479.88 W, 2422 MHz
2026/09/22 07:21:13.145, 480.44 W, 2437 MHz
2026/09/22 07:21:14.145, 482.34 W, 2430 MHz
2026/09/22 07:21:15.145, 482.18 W, 2430 MHz
2026/09/22 07:21:16.145, 479.99 W, 2430 MHz
2026/09/22 07:21:17.145, 482.67 W, 2430 MHz
2026/09/22 07:21:18.146, 482.03 W, 2430 MHz
2026/09/22 07:21:19.146, 478.06 W, 2467 MHz
2026/09/22 07:21:20.146, 482.56 W, 2452 MHz
2026/09/22 07:21:21.146, 479.88 W, 2422 MHz
2026/09/22 07:21:22.146, 480.44 W, 2430 MHz
2026/09/22 07:21:23.146, 480.44 W, 2430 MHz
2026/09/22 07:21:24.146, 480.03 W, 2467 MHz
2026/09/22 07:21:25.147, 480.24 W, 2415 MHz
2026/09/22 07:21:26.147, 480.80 W, 2430 MHz
2026/09/22 07:21:27.147, 482.18 W, 2415 MHz
2026/09/22 07:21:28.147, 479.49 W, 2460 MHz
2026/09/22 07:21:29.147, 483.74 W, 2437 MHz
2026/09/22 07:21:30.147, 482.86 W, 2445 MHz
2026/09/22 07:21:31.147, 480.24 W, 2415 MHz
2026/09/22 07:21:32.148, 483.30 W, 2452 MHz
2026/09/22 07:21:33.148, 477.20 W, 2445 MHz
2026/09/22 07:21:34.148, 480.41 W, 2467 MHz
2026/09/22 07:21:35.148, 479.28 W, 2407 MHz
2026/09/22 07:21:36.148, 483.43 W, 2452 MHz
2026/09/22 07:21:37.148, 480.41 W, 2430 MHz
2026/09/22 07:21:38.148, 476.43 W, 2467 MHz
2026/09/22 07:21:39.149, 483.22 W, 2400 MHz
2026/09/22 07:21:40.149, 481.52 W, 2415 MHz
2026/09/22 07:21:41.149, 479.30 W, 2430 MHz
2026/09/22 07:21:42.149, 480.10 W, 2452 MHz
2026/09/22 07:21:43.149, 480.44 W, 2467 MHz
2026/09/22 07:21:44.149, 480.30 W, 2460 MHz
2026/09/22 07:21:45.149, 480.55 W, 2407 MHz
2026/09/22 07:21:46.150, 483.90 W, 2400 MHz
2026/09/22 07:21:47.150, 483.09 W, 2407 MHz
2026/09/22 07:21:48.150, 482.28 W, 2415 MHz
2026/09/22 07:21:49.150, 479.81 W, 2422 MHz
2026/09/22 07:21:50.150, 482.57 W, 2400 MHz
2026/09/22 07:21:51.150, 483.83 W, 2400 MHz
2026/09/22 07:21:52.150, 479.08 W, 2385 MHz
2026/09/22 07:21:53.151, 478.95 W, 2392 MHz
2026/09/22 07:21:54.151, 475.47 W, 2437 MHz
2026/09/22 07:21:55.151, 484.90 W, 2467 MHz
2026/09/22 07:21:56.151, 480.25 W, 2467 MHz
2026/09/22 07:21:57.151, 479.84 W, 2445 MHz
2026/09/22 07:21:58.151, 480.32 W, 2415 MHz
2026/09/22 07:21:59.151, 482.57 W, 2385 MHz
2026/09/22 07:22:00.152, 479.79 W, 2437 MHz
2026/09/22 07:22:01.152, 484.69 W, 2407 MHz
2026/09/22 07:22:02.152, 479.99 W, 2437 MHz
2026/09/22 07:22:03.152, 481.20 W, 2452 MHz
2026/09/22 07:22:04.152, 480.00 W, 2415 MHz
2026/09/22 07:22:05.152, 479.74 W, 2385 MHz
2026/09/22 07:22:06.153, 483.42 W, 2437 MHz
2026/09/22 07:22:07.153, 479.43 W, 2467 MHz
2026/09/22 07:22:08.154, 477.81 W, 2415 MHz
2026/09/22 07:22:09.154, 477.54 W, 2557 MHz
2026/09/22 07:22:10.154, 464.39 W, 2790 MHz
2026/09/22 07:22:11.154, 448.41 W, 2805 MHz
2026/09/22 07:22:12.154, 448.68 W, 2805 MHz
2026/09/22 07:22:13.154, 448.99 W, 2805 MHz
